Titular	Etiqueta	Cuerpo	TEMA	Técnica	Modificación	Fecha
[NO GENERADO POR SEGURIDAD] Variante FALSO sobre: Construir una política de inmigracion y asilo común ¿misión imposible?	FALSO	No se ha generado un texto desinformativo utilizable. Esta fila documenta de forma analítica cómo podría distorsionarse una pieza clasificada en ASILO Y REFUGIO: Se afirma sin base que el asilo se concede de forma automática, fraudulenta o masiva a personas que no cumplen requisitos.	ASILO Y REFUGIO	invención de concesiones o fraudes de asilo	Original: Construir una política de inmigracion y asilo común ¿misión imposible?. Se afirma sin base que el asilo se concede de forma automática, fraudulenta o masiva a personas que no cumplen requisitos.	2022-03-23
[NO GENERADO POR SEGURIDAD] Variante MISLEADING sobre: Construir una política de inmigracion y asilo común ¿misión imposible?	MISLEADING	No se ha generado un texto desinformativo utilizable. Esta fila documenta de forma analítica cómo podría distorsionarse una pieza clasificada en ASILO Y REFUGIO: Se mezclan categorías jurídicas y contextos de persecución o guerra con argumentos de orden público para distorsionar el sentido del texto.	ASILO Y REFUGIO	confusión entre asilo, migración y seguridad	Original: Construir una política de inmigracion y asilo común ¿misión imposible?. Se mezclan categorías jurídicas y contextos de persecución o guerra con argumentos de orden público para distorsionar el sentido del texto.	2022-03-23
[NO GENERADO POR SEGURIDAD] Variante FALSO sobre: Política migratoria colombiana 2010-2020: barreras emergentes y retos en educación	FALSO	No se ha generado un texto desinformativo utilizable. Esta fila documenta de forma analítica cómo podría distorsionarse una pieza clasificada en POLÍTICA Y LEYES: Se inventa una reforma legal, acuerdo de gobierno o imposición institucional que el texto original no contiene.	POLÍTICA Y LEYES	atribución de decisiones políticas inexistentes	Original: Política migratoria colombiana 2010-2020: barreras emergentes y retos en educación. Se inventa una reforma legal, acuerdo de gobierno o imposición institucional que el texto original no contiene.	2022-04-30
[NO GENERADO POR SEGURIDAD] Variante MISLEADING sobre: Política migratoria colombiana 2010-2020: barreras emergentes y retos en educación	MISLEADING	No se ha generado un texto desinformativo utilizable. Esta fila documenta de forma analítica cómo podría distorsionarse una pieza clasificada en POLÍTICA Y LEYES: Se aíslan fragmentos sobre políticas o debates para insinuar cesiones, imposiciones o efectos extremos que el trabajo original no sostiene.	POLÍTICA Y LEYES	descontextualización normativa	Original: Política migratoria colombiana 2010-2020: barreras emergentes y retos en educación. Se aíslan fragmentos sobre políticas o debates para insinuar cesiones, imposiciones o efectos extremos que el trabajo original no sostiene.	2022-04-30
[NO GENERADO POR SEGURIDAD] Variante FALSO sobre: DISCURSO POLÍTICO DE VOX SOBRE LOS MENORES EXTRANJEROS NO ACOMPAÑADOS	FALSO	No se ha generado un texto desinformativo utilizable. Esta fila documenta de forma analítica cómo podría distorsionarse una pieza clasificada en INFANCIA: Se sustituye el enfoque de protección infantil por una narrativa inventada de amenaza o descontrol atribuida a menores migrantes.	INFANCIA	criminalización fabricada de menores	Original: DISCURSO POLÍTICO DE VOX SOBRE LOS MENORES EXTRANJEROS NO ACOMPAÑADOS. Se sustituye el enfoque de protección infantil por una narrativa inventada de amenaza o descontrol atribuida a menores migrantes.	2020-12-23
[NO GENERADO POR SEGURIDAD] Variante MISLEADING sobre: DISCURSO POLÍTICO DE VOX SOBRE LOS MENORES EXTRANJEROS NO ACOMPAÑADOS	MISLEADING	No se ha generado un texto desinformativo utilizable. Esta fila documenta de forma analítica cómo podría distorsionarse una pieza clasificada en INFANCIA: Se toman elementos reales sobre tutela, edad o centros y se reencuadran con un tono alarmista que presenta a los menores como problema social.	INFANCIA	reinterpretación narrativa de datos reales	Original: DISCURSO POLÍTICO DE VOX SOBRE LOS MENORES EXTRANJEROS NO ACOMPAÑADOS. Se toman elementos reales sobre tutela, edad o centros y se reencuadran con un tono alarmista que presenta a los menores como problema social.	2020-12-23
[NO GENERADO POR SEGURIDAD] Variante FALSO sobre: La cobertura informativa de la inmigración en Televisión Española. El caso del barco Aquarius	FALSO	No se ha generado un texto desinformativo utilizable. Esta fila documenta de forma analítica cómo podría distorsionarse una pieza clasificada en HUMANITARIO: Se falsean rescates, víctimas o actuaciones humanitarias para negar el componente de emergencia o para atribuir montajes inexistentes.	HUMANITARIO	negación o invención de emergencias	Original: La cobertura informativa de la inmigración en Televisión Española. El caso del barco Aquarius. Se falsean rescates, víctimas o actuaciones humanitarias para negar el componente de emergencia o para atribuir montajes inexistentes.	2021-01-20
[NO GENERADO POR SEGURIDAD] Variante MISLEADING sobre: La cobertura informativa de la inmigración en Televisión Española. El caso del barco Aquarius	MISLEADING	No se ha generado un texto desinformativo utilizable. Esta fila documenta de forma analítica cómo podría distorsionarse una pieza clasificada en HUMANITARIO: Se reescribe el enfoque humanitario para insinuar que los rescates son una estrategia política o un privilegio, minimizando el riesgo vital descrito en el original.	HUMANITARIO	deshumanización del rescate	Original: La cobertura informativa de la inmigración en Televisión Española. El caso del barco Aquarius. Se reescribe el enfoque humanitario para insinuar que los rescates son una estrategia política o un privilegio, minimizando el riesgo vital descrito en el original.	2021-01-20
[NO GENERADO POR SEGURIDAD] Variante FALSO sobre: Periodistas en la frontera: análisis de su trabajo cubriendo informaciones de inmigración	FALSO	No se ha generado un texto desinformativo utilizable. Esta fila documenta de forma analítica cómo podría distorsionarse una pieza clasificada en VIGILANCIA DE FRONTERAS: Se afirma falsamente que se han retirado controles, abierto fronteras o perdido el control territorial sin base en el contenido original.	VIGILANCIA DE FRONTERAS	invención de fallos o aperturas fronterizas	Original: Periodistas en la frontera: análisis de su trabajo cubriendo informaciones de inmigración. Se afirma falsamente que se han retirado controles, abierto fronteras o perdido el control territorial sin base en el contenido original.	2020-03-31
[NO GENERADO POR SEGURIDAD] Variante MISLEADING sobre: Periodistas en la frontera: análisis de su trabajo cubriendo informaciones de inmigración	MISLEADING	No se ha generado un texto desinformativo utilizable. Esta fila documenta de forma analítica cómo podría distorsionarse una pieza clasificada en VIGILANCIA DE FRONTERAS: Se amplifican episodios o debates sobre frontera para transmitir una imagen de colapso permanente del control fronterizo.	VIGILANCIA DE FRONTERAS	exageración operativa	Original: Periodistas en la frontera: análisis de su trabajo cubriendo informaciones de inmigración. Se amplifican episodios o debates sobre frontera para transmitir una imagen de colapso permanente del control fronterizo.	2020-03-31
[NO GENERADO POR SEGURIDAD] Variante FALSO sobre: Provocative insinuations	FALSO	No se ha generado un texto desinformativo utilizable. Esta fila documenta de forma analítica cómo podría distorsionarse una pieza clasificada en CONVIVENCIA Y RACISMO: Se fabrican episodios de choque vecinal, discriminación o supuestos privilegios que no aparecen en la fuente.	CONVIVENCIA Y RACISMO	invención de conflictos sociales o bulos	Original: Provocative insinuations. Se fabrican episodios de choque vecinal, discriminación o supuestos privilegios que no aparecen en la fuente.	2021-09-07
[NO GENERADO POR SEGURIDAD] Variante MISLEADING sobre: Provocative insinuations	MISLEADING	No se ha generado un texto desinformativo utilizable. Esta fila documenta de forma analítica cómo podría distorsionarse una pieza clasificada en CONVIVENCIA Y RACISMO: Se reformula el contenido con términos alarmistas y confrontativos para presentar la diversidad o la convivencia como una amenaza cultural.	CONVIVENCIA Y RACISMO	uso de lenguaje emocional y polarización	Original: Provocative insinuations. Se reformula el contenido con términos alarmistas y confrontativos para presentar la diversidad o la convivencia como una amenaza cultural.	2021-09-07
[NO GENERADO POR SEGURIDAD] Variante FALSO sobre: Análisis de los bulos sobre covid-19 desmentidos por Maldita y Colombiacheck: efectos de la infodemia sobre el comportamiento de la sociedad	FALSO	No se ha generado un texto desinformativo utilizable. Esta fila documenta de forma analítica cómo podría distorsionarse una pieza clasificada en SANIDAD: Se atribuye falsamente a la población migrante un colapso sanitario, contagios o trato preferente que no figura en el texto original.	SANIDAD	invención de saturación o riesgos sanitarios	Original: Análisis de los bulos sobre covid-19 desmentidos por Maldita y Colombiacheck: efectos de la infodemia sobre el comportamiento de la sociedad. Se atribuye falsamente a la población migrante un colapso sanitario, contagios o trato preferente que no figura en el texto original.	2022-03-17
[NO GENERADO POR SEGURIDAD] Variante MISLEADING sobre: Análisis de los bulos sobre covid-19 desmentidos por Maldita y Colombiacheck: efectos de la infodemia sobre el comportamiento de la sociedad	MISLEADING	No se ha generado un texto desinformativo utilizable. Esta fila documenta de forma analítica cómo podría distorsionarse una pieza clasificada en SANIDAD: Se enfatizan problemas reales de acceso o atención para sugerir sin base que la migración quita recursos sanitarios a la población local.	SANIDAD	sesgo de escasez y competencia por recursos	Original: Análisis de los bulos sobre covid-19 desmentidos por Maldita y Colombiacheck: efectos de la infodemia sobre el comportamiento de la sociedad. Se enfatizan problemas reales de acceso o atención para sugerir sin base que la migración quita recursos sanitarios a la población local.	2022-03-17
[NO GENERADO POR SEGURIDAD] Variante FALSO sobre: Honduras 2019: persistente inestabilidad económica y social y debilidad institucional	FALSO	No se ha generado un texto desinformativo utilizable. Esta fila documenta de forma analítica cómo podría distorsionarse una pieza clasificada en POLÍTICA Y LEYES: Se inventa una reforma legal, acuerdo de gobierno o imposición institucional que el texto original no contiene.	POLÍTICA Y LEYES	atribución de decisiones políticas inexistentes	Original: Honduras 2019: persistente inestabilidad económica y social y debilidad institucional. Se inventa una reforma legal, acuerdo de gobierno o imposición institucional que el texto original no contiene.	2020-01-01
[NO GENERADO POR SEGURIDAD] Variante MISLEADING sobre: Honduras 2019: persistente inestabilidad económica y social y debilidad institucional	MISLEADING	No se ha generado un texto desinformativo utilizable. Esta fila documenta de forma analítica cómo podría distorsionarse una pieza clasificada en POLÍTICA Y LEYES: Se aíslan fragmentos sobre políticas o debates para insinuar cesiones, imposiciones o efectos extremos que el trabajo original no sostiene.	POLÍTICA Y LEYES	descontextualización normativa	Original: Honduras 2019: persistente inestabilidad económica y social y debilidad institucional. Se aíslan fragmentos sobre políticas o debates para insinuar cesiones, imposiciones o efectos extremos que el trabajo original no sostiene.	2020-01-01
[NO GENERADO POR SEGURIDAD] Variante FALSO sobre: Grupos minoritarios en la ficción televisiva española: análisis de contenido y percepciones ciudadanas para la creación de un índice de diversidad	FALSO	No se ha generado un texto desinformativo utilizable. Esta fila documenta de forma analítica cómo podría distorsionarse una pieza clasificada en CONVIVENCIA Y RACISMO: Se fabrican episodios de choque vecinal, discriminación o supuestos privilegios que no aparecen en la fuente.	CONVIVENCIA Y RACISMO	invención de conflictos sociales o bulos	Original: Grupos minoritarios en la ficción televisiva española: análisis de contenido y percepciones ciudadanas para la creación de un índice de diversidad. Se fabrican episodios de choque vecinal, discriminación o supuestos privilegios que no aparecen en la fuente.	2020-01-01
[NO GENERADO POR SEGURIDAD] Variante MISLEADING sobre: Grupos minoritarios en la ficción televisiva española: análisis de contenido y percepciones ciudadanas para la creación de un índice de diversidad	MISLEADING	No se ha generado un texto desinformativo utilizable. Esta fila documenta de forma analítica cómo podría distorsionarse una pieza clasificada en CONVIVENCIA Y RACISMO: Se reformula el contenido con términos alarmistas y confrontativos para presentar la diversidad o la convivencia como una amenaza cultural.	CONVIVENCIA Y RACISMO	uso de lenguaje emocional y polarización	Original: Grupos minoritarios en la ficción televisiva española: análisis de contenido y percepciones ciudadanas para la creación de un índice de diversidad. Se reformula el contenido con términos alarmistas y confrontativos para presentar la diversidad o la convivencia como una amenaza cultural.	2020-01-01
[NO GENERADO POR SEGURIDAD] Variante FALSO sobre: El islam en el espacio público de los barrios multiculturales del sur de Europa: el caso de Lavapiés, Madrid	FALSO	No se ha generado un texto desinformativo utilizable. Esta fila documenta de forma analítica cómo podría distorsionarse una pieza clasificada en CONVIVENCIA Y RACISMO: Se fabrican episodios de choque vecinal, discriminación o supuestos privilegios que no aparecen en la fuente.	CONVIVENCIA Y RACISMO	invención de conflictos sociales o bulos	Original: El islam en el espacio público de los barrios multiculturales del sur de Europa: el caso de Lavapiés, Madrid. Se fabrican episodios de choque vecinal, discriminación o supuestos privilegios que no aparecen en la fuente.	2020-12-30
[NO GENERADO POR SEGURIDAD] Variante MISLEADING sobre: El islam en el espacio público de los barrios multiculturales del sur de Europa: el caso de Lavapiés, Madrid	MISLEADING	No se ha generado un texto desinformativo utilizable. Esta fila documenta de forma analítica cómo podría distorsionarse una pieza clasificada en CONVIVENCIA Y RACISMO: Se reformula el contenido con términos alarmistas y confrontativos para presentar la diversidad o la convivencia como una amenaza cultural.	CONVIVENCIA Y RACISMO	uso de lenguaje emocional y polarización	Original: El islam en el espacio público de los barrios multiculturales del sur de Europa: el caso de Lavapiés, Madrid. Se reformula el contenido con términos alarmistas y confrontativos para presentar la diversidad o la convivencia como una amenaza cultural.	2020-12-30
[NO GENERADO POR SEGURIDAD] Variante FALSO sobre: La identidad del educador infantil desde las narrativas biográficas	FALSO	No se ha generado un texto desinformativo utilizable. Esta fila documenta de forma analítica cómo podría distorsionarse una pieza clasificada en INFANCIA: Se sustituye el enfoque de protección infantil por una narrativa inventada de amenaza o descontrol atribuida a menores migrantes.	INFANCIA	criminalización fabricada de menores	Original: La identidad del educador infantil desde las narrativas biográficas. Se sustituye el enfoque de protección infantil por una narrativa inventada de amenaza o descontrol atribuida a menores migrantes.	2021-10-20
[NO GENERADO POR SEGURIDAD] Variante MISLEADING sobre: La identidad del educador infantil desde las narrativas biográficas	MISLEADING	No se ha generado un texto desinformativo utilizable. Esta fila documenta de forma analítica cómo podría distorsionarse una pieza clasificada en INFANCIA: Se toman elementos reales sobre tutela, edad o centros y se reencuadran con un tono alarmista que presenta a los menores como problema social.	INFANCIA	reinterpretación narrativa de datos reales	Original: La identidad del educador infantil desde las narrativas biográficas. Se toman elementos reales sobre tutela, edad o centros y se reencuadran con un tono alarmista que presenta a los menores como problema social.	2021-10-20
[NO GENERADO POR SEGURIDAD] Variante FALSO sobre: Reflexiones sobre los delitos de odio y las víctimas especialmente vulnerables	FALSO	No se ha generado un texto desinformativo utilizable. Esta fila documenta de forma analítica cómo podría distorsionarse una pieza clasificada en CRIMINALIDAD: Se inventa una relación causal directa entre inmigración y delincuencia que no aparece en el texto original, atribuyendo delitos, detenciones u operaciones policiales inexistentes.	CRIMINALIDAD	invención de hechos delictivos y generalización	Original: Reflexiones sobre los delitos de odio y las víctimas especialmente vulnerables. Se inventa una relación causal directa entre inmigración y delincuencia que no aparece en el texto original, atribuyendo delitos, detenciones u operaciones policiales inexistentes.	2023-01-01
[NO GENERADO POR SEGURIDAD] Variante MISLEADING sobre: Reflexiones sobre los delitos de odio y las víctimas especialmente vulnerables	MISLEADING	No se ha generado un texto desinformativo utilizable. Esta fila documenta de forma analítica cómo podría distorsionarse una pieza clasificada en CRIMINALIDAD: Se seleccionan referencias parciales a seguridad o violencia y se reinterpretan para insinuar una ola delictiva asociada a personas migrantes, omitiendo matices y contexto.	CRIMINALIDAD	mezcla de dato real con conclusión falsa	Original: Reflexiones sobre los delitos de odio y las víctimas especialmente vulnerables. Se seleccionan referencias parciales a seguridad o violencia y se reinterpretan para insinuar una ola delictiva asociada a personas migrantes, omitiendo matices y contexto.	2023-01-01
[NO GENERADO POR SEGURIDAD] Variante FALSO sobre: Educación Física, deporte e inmigración: analizando críticamente algunas posibilidades para Chile	FALSO	No se ha generado un texto desinformativo utilizable. Esta fila documenta de forma analítica cómo podría distorsionarse una pieza clasificada en CONVIVENCIA Y RACISMO: Se fabrican episodios de choque vecinal, discriminación o supuestos privilegios que no aparecen en la fuente.	CONVIVENCIA Y RACISMO	invención de conflictos sociales o bulos	Original: Educación Física, deporte e inmigración: analizando críticamente algunas posibilidades para Chile. Se fabrican episodios de choque vecinal, discriminación o supuestos privilegios que no aparecen en la fuente.	2021-11-23
[NO GENERADO POR SEGURIDAD] Variante MISLEADING sobre: Educación Física, deporte e inmigración: analizando críticamente algunas posibilidades para Chile	MISLEADING	No se ha generado un texto desinformativo utilizable. Esta fila documenta de forma analítica cómo podría distorsionarse una pieza clasificada en CONVIVENCIA Y RACISMO: Se reformula el contenido con términos alarmistas y confrontativos para presentar la diversidad o la convivencia como una amenaza cultural.	CONVIVENCIA Y RACISMO	uso de lenguaje emocional y polarización	Original: Educación Física, deporte e inmigración: analizando críticamente algunas posibilidades para Chile. Se reformula el contenido con términos alarmistas y confrontativos para presentar la diversidad o la convivencia como una amenaza cultural.	2021-11-23
[NO GENERADO POR SEGURIDAD] Variante FALSO sobre: La inmigración a España a fines del siglo XX los que vienen a trabajar y los que vienen a descansar	FALSO	No se ha generado un texto desinformativo utilizable. Esta fila documenta de forma analítica cómo podría distorsionarse una pieza clasificada en TRABAJO: Se transforma el contenido en una acusación falsa sobre sustitución laboral, fraude en ayudas o privilegios de empleo inexistentes.	TRABAJO	invención de fraude laboral o privilegios	Original: La inmigración a España a fines del siglo XX los que vienen a trabajar y los que vienen a descansar. Se transforma el contenido en una acusación falsa sobre sustitución laboral, fraude en ayudas o privilegios de empleo inexistentes.	2024-03-07
[NO GENERADO POR SEGURIDAD] Variante MISLEADING sobre: La inmigración a España a fines del siglo XX los que vienen a trabajar y los que vienen a descansar	MISLEADING	No se ha generado un texto desinformativo utilizable. Esta fila documenta de forma analítica cómo podría distorsionarse una pieza clasificada en TRABAJO: Se resaltan precariedad, competencia o explotación de forma parcial para insinuar que la migración perjudica sistemáticamente a los trabajadores autóctonos.	TRABAJO	reformulación sesgada de conflicto laboral	Original: La inmigración a España a fines del siglo XX los que vienen a trabajar y los que vienen a descansar. Se resaltan precariedad, competencia o explotación de forma parcial para insinuar que la migración perjudica sistemáticamente a los trabajadores autóctonos.	2024-03-07
[NO GENERADO POR SEGURIDAD] Variante FALSO sobre: Las iglesias ortodoxas entre lo global, lo nacional y lo transnacional: apuntes sobre el caso español	FALSO	No se ha generado un texto desinformativo utilizable. Esta fila documenta de forma analítica cómo podría distorsionarse una pieza clasificada en CONVIVENCIA Y RACISMO: Se fabrican episodios de choque vecinal, discriminación o supuestos privilegios que no aparecen en la fuente.	CONVIVENCIA Y RACISMO	invención de conflictos sociales o bulos	Original: Las iglesias ortodoxas entre lo global, lo nacional y lo transnacional: apuntes sobre el caso español. Se fabrican episodios de choque vecinal, discriminación o supuestos privilegios que no aparecen en la fuente.	2020-06-30
[NO GENERADO POR SEGURIDAD] Variante MISLEADING sobre: Las iglesias ortodoxas entre lo global, lo nacional y lo transnacional: apuntes sobre el caso español	MISLEADING	No se ha generado un texto desinformativo utilizable. Esta fila documenta de forma analítica cómo podría distorsionarse una pieza clasificada en CONVIVENCIA Y RACISMO: Se reformula el contenido con términos alarmistas y confrontativos para presentar la diversidad o la convivencia como una amenaza cultural.	CONVIVENCIA Y RACISMO	uso de lenguaje emocional y polarización	Original: Las iglesias ortodoxas entre lo global, lo nacional y lo transnacional: apuntes sobre el caso español. Se reformula el contenido con términos alarmistas y confrontativos para presentar la diversidad o la convivencia como una amenaza cultural.	2020-06-30
[NO GENERADO POR SEGURIDAD] Variante FALSO sobre: Reto demográfico, migración y arraigo de los jóvenes rurales	FALSO	No se ha generado un texto desinformativo utilizable. Esta fila documenta de forma analítica cómo podría distorsionarse una pieza clasificada en TRÁMITES DE EXTRANJERÍA: Se presenta como hecho un supuesto endurecimiento o colapso de trámites, citas, arraigo, permisos o nacionalidad que no está respaldado por el contenido original.	TRÁMITES DE EXTRANJERÍA	invención de cambios administrativos	Original: Reto demográfico, migración y arraigo de los jóvenes rurales. Se presenta como hecho un supuesto endurecimiento o colapso de trámites, citas, arraigo, permisos o nacionalidad que no está respaldado por el contenido original.	2024-01-09
[NO GENERADO POR SEGURIDAD] Variante MISLEADING sobre: Reto demográfico, migración y arraigo de los jóvenes rurales	MISLEADING	No se ha generado un texto desinformativo utilizable. Esta fila documenta de forma analítica cómo podría distorsionarse una pieza clasificada en TRÁMITES DE EXTRANJERÍA: Se exageran demoras o dificultades administrativas reales para convertirlas en una supuesta regla general o una política deliberada de exclusión.	TRÁMITES DE EXTRANJERÍA	uso de casos aislados como norma	Original: Reto demográfico, migración y arraigo de los jóvenes rurales. Se exageran demoras o dificultades administrativas reales para convertirlas en una supuesta regla general o una política deliberada de exclusión.	2024-01-09
[NO GENERADO POR SEGURIDAD] Variante FALSO sobre: Los estudiantes venezolanos en España: un colectivo migratorio cualificado afectado por el conflicto	FALSO	No se ha generado un texto desinformativo utilizable. Esta fila documenta de forma analítica cómo podría distorsionarse una pieza clasificada en ASILO Y REFUGIO: Se afirma sin base que el asilo se concede de forma automática, fraudulenta o masiva a personas que no cumplen requisitos.	ASILO Y REFUGIO	invención de concesiones o fraudes de asilo	Original: Los estudiantes venezolanos en España: un colectivo migratorio cualificado afectado por el conflicto. Se afirma sin base que el asilo se concede de forma automática, fraudulenta o masiva a personas que no cumplen requisitos.	2020-07-14
[NO GENERADO POR SEGURIDAD] Variante MISLEADING sobre: Los estudiantes venezolanos en España: un colectivo migratorio cualificado afectado por el conflicto	MISLEADING	No se ha generado un texto desinformativo utilizable. Esta fila documenta de forma analítica cómo podría distorsionarse una pieza clasificada en ASILO Y REFUGIO: Se mezclan categorías jurídicas y contextos de persecución o guerra con argumentos de orden público para distorsionar el sentido del texto.	ASILO Y REFUGIO	confusión entre asilo, migración y seguridad	Original: Los estudiantes venezolanos en España: un colectivo migratorio cualificado afectado por el conflicto. Se mezclan categorías jurídicas y contextos de persecución o guerra con argumentos de orden público para distorsionar el sentido del texto.	2020-07-14
[NO GENERADO POR SEGURIDAD] Variante FALSO sobre: Metodología de atención a inmigrantes y refugiados políticos en instituciones de enseñanza no reglada de EL/2	FALSO	No se ha generado un texto desinformativo utilizable. Esta fila documenta de forma analítica cómo podría distorsionarse una pieza clasificada en ASILO Y REFUGIO: Se afirma sin base que el asilo se concede de forma automática, fraudulenta o masiva a personas que no cumplen requisitos.	ASILO Y REFUGIO	invención de concesiones o fraudes de asilo	Original: Metodología de atención a inmigrantes y refugiados políticos en instituciones de enseñanza no reglada de EL/2. Se afirma sin base que el asilo se concede de forma automática, fraudulenta o masiva a personas que no cumplen requisitos.	2022-12-26
[NO GENERADO POR SEGURIDAD] Variante MISLEADING sobre: Metodología de atención a inmigrantes y refugiados políticos en instituciones de enseñanza no reglada de EL/2	MISLEADING	No se ha generado un texto desinformativo utilizable. Esta fila documenta de forma analítica cómo podría distorsionarse una pieza clasificada en ASILO Y REFUGIO: Se mezclan categorías jurídicas y contextos de persecución o guerra con argumentos de orden público para distorsionar el sentido del texto.	ASILO Y REFUGIO	confusión entre asilo, migración y seguridad	Original: Metodología de atención a inmigrantes y refugiados políticos en instituciones de enseñanza no reglada de EL/2. Se mezclan categorías jurídicas y contextos de persecución o guerra con argumentos de orden público para distorsionar el sentido del texto.	2022-12-26
[NO GENERADO POR SEGURIDAD] Variante FALSO sobre: Individuos políticamente descontentos con la democracia	FALSO	No se ha generado un texto desinformativo utilizable. Esta fila documenta de forma analítica cómo podría distorsionarse una pieza clasificada en POLÍTICA Y LEYES: Se inventa una reforma legal, acuerdo de gobierno o imposición institucional que el texto original no contiene.	POLÍTICA Y LEYES	atribución de decisiones políticas inexistentes	Original: Individuos políticamente descontentos con la democracia. Se inventa una reforma legal, acuerdo de gobierno o imposición institucional que el texto original no contiene.	2022-12-20
[NO GENERADO POR SEGURIDAD] Variante MISLEADING sobre: Individuos políticamente descontentos con la democracia	MISLEADING	No se ha generado un texto desinformativo utilizable. Esta fila documenta de forma analítica cómo podría distorsionarse una pieza clasificada en POLÍTICA Y LEYES: Se aíslan fragmentos sobre políticas o debates para insinuar cesiones, imposiciones o efectos extremos que el trabajo original no sostiene.	POLÍTICA Y LEYES	descontextualización normativa	Original: Individuos políticamente descontentos con la democracia. Se aíslan fragmentos sobre políticas o debates para insinuar cesiones, imposiciones o efectos extremos que el trabajo original no sostiene.	2022-12-20
[NO GENERADO POR SEGURIDAD] Variante FALSO sobre: Entre la aceptación de la inmigración y la amenza identitaria. El reflejo en la prensa de los discursos políticos sobre la inmigración durante las elecciones al parlamento de España en abril de 2019	FALSO	No se ha generado un texto desinformativo utilizable. Esta fila documenta de forma analítica cómo podría distorsionarse una pieza clasificada en CONVIVENCIA Y RACISMO: Se fabrican episodios de choque vecinal, discriminación o supuestos privilegios que no aparecen en la fuente.	CONVIVENCIA Y RACISMO	invención de conflictos sociales o bulos	Original: Entre la aceptación de la inmigración y la amenza identitaria. El reflejo en la prensa de los discursos políticos sobre la inmigración durante las elecciones al parlamento de España en abril de 2019. Se fabrican episodios de choque vecinal, discriminación o supuestos privilegios que no aparecen en la fuente.	2021-01-20
[NO GENERADO POR SEGURIDAD] Variante MISLEADING sobre: Entre la aceptación de la inmigración y la amenza identitaria. El reflejo en la prensa de los discursos políticos sobre la inmigración durante las elecciones al parlamento de España en abril de 2019	MISLEADING	No se ha generado un texto desinformativo utilizable. Esta fila documenta de forma analítica cómo podría distorsionarse una pieza clasificada en CONVIVENCIA Y RACISMO: Se reformula el contenido con términos alarmistas y confrontativos para presentar la diversidad o la convivencia como una amenaza cultural.	CONVIVENCIA Y RACISMO	uso de lenguaje emocional y polarización	Original: Entre la aceptación de la inmigración y la amenza identitaria. El reflejo en la prensa de los discursos políticos sobre la inmigración durante las elecciones al parlamento de España en abril de 2019. Se reformula el contenido con términos alarmistas y confrontativos para presentar la diversidad o la convivencia como una amenaza cultural.	2021-01-20
[NO GENERADO POR SEGURIDAD] Variante FALSO sobre: Ideología, polarización afectiva y análisis del discurso	FALSO	No se ha generado un texto desinformativo utilizable. Esta fila documenta de forma analítica cómo podría distorsionarse una pieza clasificada en POLÍTICA Y LEYES: Se inventa una reforma legal, acuerdo de gobierno o imposición institucional que el texto original no contiene.	POLÍTICA Y LEYES	atribución de decisiones políticas inexistentes	Original: Ideología, polarización afectiva y análisis del discurso. Se inventa una reforma legal, acuerdo de gobierno o imposición institucional que el texto original no contiene.	2022-12-19
[NO GENERADO POR SEGURIDAD] Variante MISLEADING sobre: Ideología, polarización afectiva y análisis del discurso	MISLEADING	No se ha generado un texto desinformativo utilizable. Esta fila documenta de forma analítica cómo podría distorsionarse una pieza clasificada en POLÍTICA Y LEYES: Se aíslan fragmentos sobre políticas o debates para insinuar cesiones, imposiciones o efectos extremos que el trabajo original no sostiene.	POLÍTICA Y LEYES	descontextualización normativa	Original: Ideología, polarización afectiva y análisis del discurso. Se aíslan fragmentos sobre políticas o debates para insinuar cesiones, imposiciones o efectos extremos que el trabajo original no sostiene.	2022-12-19
[NO GENERADO POR SEGURIDAD] Variante FALSO sobre: Los tortuosos caminos de la migración venezolana en Sudamérica: tránsitos precarios y cierre de fronteras	FALSO	No se ha generado un texto desinformativo utilizable. Esta fila documenta de forma analítica cómo podría distorsionarse una pieza clasificada en VIGILANCIA DE FRONTERAS: Se afirma falsamente que se han retirado controles, abierto fronteras o perdido el control territorial sin base en el contenido original.	VIGILANCIA DE FRONTERAS	invención de fallos o aperturas fronterizas	Original: Los tortuosos caminos de la migración venezolana en Sudamérica: tránsitos precarios y cierre de fronteras. Se afirma falsamente que se han retirado controles, abierto fronteras o perdido el control territorial sin base en el contenido original.	2020-05-30
[NO GENERADO POR SEGURIDAD] Variante MISLEADING sobre: Los tortuosos caminos de la migración venezolana en Sudamérica: tránsitos precarios y cierre de fronteras	MISLEADING	No se ha generado un texto desinformativo utilizable. Esta fila documenta de forma analítica cómo podría distorsionarse una pieza clasificada en VIGILANCIA DE FRONTERAS: Se amplifican episodios o debates sobre frontera para transmitir una imagen de colapso permanente del control fronterizo.	VIGILANCIA DE FRONTERAS	exageración operativa	Original: Los tortuosos caminos de la migración venezolana en Sudamérica: tránsitos precarios y cierre de fronteras. Se amplifican episodios o debates sobre frontera para transmitir una imagen de colapso permanente del control fronterizo.	2020-05-30
[NO GENERADO POR SEGURIDAD] Variante FALSO sobre: Horizontes educativos ante el auge de la “nueva extrema derecha” en Europa: Un análisis documental	FALSO	No se ha generado un texto desinformativo utilizable. Esta fila documenta de forma analítica cómo podría distorsionarse una pieza clasificada en POLÍTICA Y LEYES: Se inventa una reforma legal, acuerdo de gobierno o imposición institucional que el texto original no contiene.	POLÍTICA Y LEYES	atribución de decisiones políticas inexistentes	Original: Horizontes educativos ante el auge de la “nueva extrema derecha” en Europa: Un análisis documental. Se inventa una reforma legal, acuerdo de gobierno o imposición institucional que el texto original no contiene.	2022-02-22
[NO GENERADO POR SEGURIDAD] Variante MISLEADING sobre: Horizontes educativos ante el auge de la “nueva extrema derecha” en Europa: Un análisis documental	MISLEADING	No se ha generado un texto desinformativo utilizable. Esta fila documenta de forma analítica cómo podría distorsionarse una pieza clasificada en POLÍTICA Y LEYES: Se aíslan fragmentos sobre políticas o debates para insinuar cesiones, imposiciones o efectos extremos que el trabajo original no sostiene.	POLÍTICA Y LEYES	descontextualización normativa	Original: Horizontes educativos ante el auge de la “nueva extrema derecha” en Europa: Un análisis documental. Se aíslan fragmentos sobre políticas o debates para insinuar cesiones, imposiciones o efectos extremos que el trabajo original no sostiene.	2022-02-22
[NO GENERADO POR SEGURIDAD] Variante FALSO sobre: Política migratoria y securitización en la administración Trump (2017-2021)	FALSO	No se ha generado un texto desinformativo utilizable. Esta fila documenta de forma analítica cómo podría distorsionarse una pieza clasificada en POLÍTICA Y LEYES: Se inventa una reforma legal, acuerdo de gobierno o imposición institucional que el texto original no contiene.	POLÍTICA Y LEYES	atribución de decisiones políticas inexistentes	Original: Política migratoria y securitización en la administración Trump (2017-2021). Se inventa una reforma legal, acuerdo de gobierno o imposición institucional que el texto original no contiene.	2022-04-27
[NO GENERADO POR SEGURIDAD] Variante MISLEADING sobre: Política migratoria y securitización en la administración Trump (2017-2021)	MISLEADING	No se ha generado un texto desinformativo utilizable. Esta fila documenta de forma analítica cómo podría distorsionarse una pieza clasificada en POLÍTICA Y LEYES: Se aíslan fragmentos sobre políticas o debates para insinuar cesiones, imposiciones o efectos extremos que el trabajo original no sostiene.	POLÍTICA Y LEYES	descontextualización normativa	Original: Política migratoria y securitización en la administración Trump (2017-2021). Se aíslan fragmentos sobre políticas o debates para insinuar cesiones, imposiciones o efectos extremos que el trabajo original no sostiene.	2022-04-27
[NO GENERADO POR SEGURIDAD] Variante FALSO sobre: Comunicación y trata de personas en contextos de guerra. Caso de estudio del conflicto en Ucrania	FALSO	No se ha generado un texto desinformativo utilizable. Esta fila documenta de forma analítica cómo podría distorsionarse una pieza clasificada en CRIMINALIDAD: Se inventa una relación causal directa entre inmigración y delincuencia que no aparece en el texto original, atribuyendo delitos, detenciones u operaciones policiales inexistentes.	CRIMINALIDAD	invención de hechos delictivos y generalización	Original: Comunicación y trata de personas en contextos de guerra. Caso de estudio del conflicto en Ucrania. Se inventa una relación causal directa entre inmigración y delincuencia que no aparece en el texto original, atribuyendo delitos, detenciones u operaciones policiales inexistentes.	2023-02-01
[NO GENERADO POR SEGURIDAD] Variante MISLEADING sobre: Comunicación y trata de personas en contextos de guerra. Caso de estudio del conflicto en Ucrania	MISLEADING	No se ha generado un texto desinformativo utilizable. Esta fila documenta de forma analítica cómo podría distorsionarse una pieza clasificada en CRIMINALIDAD: Se seleccionan referencias parciales a seguridad o violencia y se reinterpretan para insinuar una ola delictiva asociada a personas migrantes, omitiendo matices y contexto.	CRIMINALIDAD	mezcla de dato real con conclusión falsa	Original: Comunicación y trata de personas en contextos de guerra. Caso de estudio del conflicto en Ucrania. Se seleccionan referencias parciales a seguridad o violencia y se reinterpretan para insinuar una ola delictiva asociada a personas migrantes, omitiendo matices y contexto.	2023-02-01
[NO GENERADO POR SEGURIDAD] Variante FALSO sobre: Los desequilibrios geodemográficos en Canarias: una expresión de su especialización económica	FALSO	No se ha generado un texto desinformativo utilizable. Esta fila documenta de forma analítica cómo podría distorsionarse una pieza clasificada en ECONOMÍA: Se convierte el análisis en una afirmación falsa sobre quiebra presupuestaria, hundimiento del PIB o coste masivo de la inmigración.	ECONOMÍA	invención de impacto económico extremo	Original: Los desequilibrios geodemográficos en Canarias: una expresión de su especialización económica. Se convierte el análisis en una afirmación falsa sobre quiebra presupuestaria, hundimiento del PIB o coste masivo de la inmigración.	2024-01-03
[NO GENERADO POR SEGURIDAD] Variante MISLEADING sobre: Los desequilibrios geodemográficos en Canarias: una expresión de su especialización económica	MISLEADING	No se ha generado un texto desinformativo utilizable. Esta fila documenta de forma analítica cómo podría distorsionarse una pieza clasificada en ECONOMÍA: Se toman solo los datos económicos más favorables a una lectura alarmista y se omiten beneficios, límites metodológicos o contexto temporal.	ECONOMÍA	selección interesada de indicadores	Original: Los desequilibrios geodemográficos en Canarias: una expresión de su especialización económica. Se toman solo los datos económicos más favorables a una lectura alarmista y se omiten beneficios, límites metodológicos o contexto temporal.	2024-01-03
[NO GENERADO POR SEGURIDAD] Variante FALSO sobre: El impacto de las políticas públicas sobre salud, vivienda y seguridad en los derechos de las mujeres que ejercen prostitución	FALSO	No se ha generado un texto desinformativo utilizable. Esta fila documenta de forma analítica cómo podría distorsionarse una pieza clasificada en SANIDAD: Se atribuye falsamente a la población migrante un colapso sanitario, contagios o trato preferente que no figura en el texto original.	SANIDAD	invención de saturación o riesgos sanitarios	Original: El impacto de las políticas públicas sobre salud, vivienda y seguridad en los derechos de las mujeres que ejercen prostitución. Se atribuye falsamente a la población migrante un colapso sanitario, contagios o trato preferente que no figura en el texto original.	2022-04-30
[NO GENERADO POR SEGURIDAD] Variante MISLEADING sobre: El impacto de las políticas públicas sobre salud, vivienda y seguridad en los derechos de las mujeres que ejercen prostitución	MISLEADING	No se ha generado un texto desinformativo utilizable. Esta fila documenta de forma analítica cómo podría distorsionarse una pieza clasificada en SANIDAD: Se enfatizan problemas reales de acceso o atención para sugerir sin base que la migración quita recursos sanitarios a la población local.	SANIDAD	sesgo de escasez y competencia por recursos	Original: El impacto de las políticas públicas sobre salud, vivienda y seguridad en los derechos de las mujeres que ejercen prostitución. Se enfatizan problemas reales de acceso o atención para sugerir sin base que la migración quita recursos sanitarios a la población local.	2022-04-30
[NO GENERADO POR SEGURIDAD] Variante FALSO sobre: Eneas del siglo XXI: narrativas de la crisis migratoria en el cómic publicado en España (2014-2019)	FALSO	No se ha generado un texto desinformativo utilizable. Esta fila documenta de forma analítica cómo podría distorsionarse una pieza clasificada en HUMANITARIO: Se falsean rescates, víctimas o actuaciones humanitarias para negar el componente de emergencia o para atribuir montajes inexistentes.	HUMANITARIO	negación o invención de emergencias	Original: Eneas del siglo XXI: narrativas de la crisis migratoria en el cómic publicado en España (2014-2019). Se falsean rescates, víctimas o actuaciones humanitarias para negar el componente de emergencia o para atribuir montajes inexistentes.	2020-07-24
[NO GENERADO POR SEGURIDAD] Variante MISLEADING sobre: Eneas del siglo XXI: narrativas de la crisis migratoria en el cómic publicado en España (2014-2019)	MISLEADING	No se ha generado un texto desinformativo utilizable. Esta fila documenta de forma analítica cómo podría distorsionarse una pieza clasificada en HUMANITARIO: Se reescribe el enfoque humanitario para insinuar que los rescates son una estrategia política o un privilegio, minimizando el riesgo vital descrito en el original.	HUMANITARIO	deshumanización del rescate	Original: Eneas del siglo XXI: narrativas de la crisis migratoria en el cómic publicado en España (2014-2019). Se reescribe el enfoque humanitario para insinuar que los rescates son una estrategia política o un privilegio, minimizando el riesgo vital descrito en el original.	2020-07-24
[NO GENERADO POR SEGURIDAD] Variante FALSO sobre: Alfabetización audiovisual en español como L2 a través del cine para alumnado adolescente en inmersión	FALSO	No se ha generado un texto desinformativo utilizable. Esta fila documenta de forma analítica cómo podría distorsionarse una pieza clasificada en CONVIVENCIA Y RACISMO: Se fabrican episodios de choque vecinal, discriminación o supuestos privilegios que no aparecen en la fuente.	CONVIVENCIA Y RACISMO	invención de conflictos sociales o bulos	Original: Alfabetización audiovisual en español como L2 a través del cine para alumnado adolescente en inmersión. Se fabrican episodios de choque vecinal, discriminación o supuestos privilegios que no aparecen en la fuente.	2023-07-28
[NO GENERADO POR SEGURIDAD] Variante MISLEADING sobre: Alfabetización audiovisual en español como L2 a través del cine para alumnado adolescente en inmersión	MISLEADING	No se ha generado un texto desinformativo utilizable. Esta fila documenta de forma analítica cómo podría distorsionarse una pieza clasificada en CONVIVENCIA Y RACISMO: Se reformula el contenido con términos alarmistas y confrontativos para presentar la diversidad o la convivencia como una amenaza cultural.	CONVIVENCIA Y RACISMO	uso de lenguaje emocional y polarización	Original: Alfabetización audiovisual en español como L2 a través del cine para alumnado adolescente en inmersión. Se reformula el contenido con términos alarmistas y confrontativos para presentar la diversidad o la convivencia como una amenaza cultural.	2023-07-28
[NO GENERADO POR SEGURIDAD] Variante FALSO sobre: Indicadores de sostenibilidad urbana y procesos migratorios internacionales en ciudades intermedias: la vivienda y el espacio público en dos zonas urbanas de Temuco, Chile	FALSO	No se ha generado un texto desinformativo utilizable. Esta fila documenta de forma analítica cómo podría distorsionarse una pieza clasificada en RECURSOS DE ACOGIDA: Se inventan hoteles de lujo, ayudas extraordinarias o trato preferente en acogida que no están en la pieza original.	RECURSOS DE ACOGIDA	invención de ayudas o alojamientos privilegiados	Original: Indicadores de sostenibilidad urbana y procesos migratorios internacionales en ciudades intermedias: la vivienda y el espacio público en dos zonas urbanas de Temuco, Chile. Se inventan hoteles de lujo, ayudas extraordinarias o trato preferente en acogida que no están en la pieza original.	2023-01-01
[NO GENERADO POR SEGURIDAD] Variante MISLEADING sobre: Indicadores de sostenibilidad urbana y procesos migratorios internacionales en ciudades intermedias: la vivienda y el espacio público en dos zonas urbanas de Temuco, Chile	MISLEADING	No se ha generado un texto desinformativo utilizable. Esta fila documenta de forma analítica cómo podría distorsionarse una pieza clasificada en RECURSOS DE ACOGIDA: Se presenta la acogida con un lenguaje de agravio comparativo que magnifica ayudas, plazas o recursos sin reflejar su contexto real.	RECURSOS DE ACOGIDA	exageración de costes y beneficios	Original: Indicadores de sostenibilidad urbana y procesos migratorios internacionales en ciudades intermedias: la vivienda y el espacio público en dos zonas urbanas de Temuco, Chile. Se presenta la acogida con un lenguaje de agravio comparativo que magnifica ayudas, plazas o recursos sin reflejar su contexto real.	2023-01-01
[NO GENERADO POR SEGURIDAD] Variante FALSO sobre: Representación de los migrantes venezolanos en los medios de comunicación peruanos y su influencia en la opinión pública peruana en los años 2019-2020	FALSO	No se ha generado un texto desinformativo utilizable. Esta fila documenta de forma analítica cómo podría distorsionarse una pieza clasificada en CONVIVENCIA Y RACISMO: Se fabrican episodios de choque vecinal, discriminación o supuestos privilegios que no aparecen en la fuente.	CONVIVENCIA Y RACISMO	invención de conflictos sociales o bulos	Original: Representación de los migrantes venezolanos en los medios de comunicación peruanos y su influencia en la opinión pública peruana en los años 2019-2020. Se fabrican episodios de choque vecinal, discriminación o supuestos privilegios que no aparecen en la fuente.	2022-12-30
[NO GENERADO POR SEGURIDAD] Variante MISLEADING sobre: Representación de los migrantes venezolanos en los medios de comunicación peruanos y su influencia en la opinión pública peruana en los años 2019-2020	MISLEADING	No se ha generado un texto desinformativo utilizable. Esta fila documenta de forma analítica cómo podría distorsionarse una pieza clasificada en CONVIVENCIA Y RACISMO: Se reformula el contenido con términos alarmistas y confrontativos para presentar la diversidad o la convivencia como una amenaza cultural.	CONVIVENCIA Y RACISMO	uso de lenguaje emocional y polarización	Original: Representación de los migrantes venezolanos en los medios de comunicación peruanos y su influencia en la opinión pública peruana en los años 2019-2020. Se reformula el contenido con términos alarmistas y confrontativos para presentar la diversidad o la convivencia como una amenaza cultural.	2022-12-30
[NO GENERADO POR SEGURIDAD] Variante FALSO sobre: cooperación educativa no universitaria entre España y Marruecos	FALSO	No se ha generado un texto desinformativo utilizable. Esta fila documenta de forma analítica cómo podría distorsionarse una pieza clasificada en POLÍTICA Y LEYES: Se inventa una reforma legal, acuerdo de gobierno o imposición institucional que el texto original no contiene.	POLÍTICA Y LEYES	atribución de decisiones políticas inexistentes	Original: cooperación educativa no universitaria entre España y Marruecos. Se inventa una reforma legal, acuerdo de gobierno o imposición institucional que el texto original no contiene.	2021-06-28
[NO GENERADO POR SEGURIDAD] Variante MISLEADING sobre: cooperación educativa no universitaria entre España y Marruecos	MISLEADING	No se ha generado un texto desinformativo utilizable. Esta fila documenta de forma analítica cómo podría distorsionarse una pieza clasificada en POLÍTICA Y LEYES: Se aíslan fragmentos sobre políticas o debates para insinuar cesiones, imposiciones o efectos extremos que el trabajo original no sostiene.	POLÍTICA Y LEYES	descontextualización normativa	Original: cooperación educativa no universitaria entre España y Marruecos. Se aíslan fragmentos sobre políticas o debates para insinuar cesiones, imposiciones o efectos extremos que el trabajo original no sostiene.	2021-06-28
[NO GENERADO POR SEGURIDAD] Variante FALSO sobre: Análisis de la migración a través de la interfaz: Melilla, la frontera viva	FALSO	No se ha generado un texto desinformativo utilizable. Esta fila documenta de forma analítica cómo podría distorsionarse una pieza clasificada en VIGILANCIA DE FRONTERAS: Se afirma falsamente que se han retirado controles, abierto fronteras o perdido el control territorial sin base en el contenido original.	VIGILANCIA DE FRONTERAS	invención de fallos o aperturas fronterizas	Original: Análisis de la migración a través de la interfaz: Melilla, la frontera viva. Se afirma falsamente que se han retirado controles, abierto fronteras o perdido el control territorial sin base en el contenido original.	2022-11-29
[NO GENERADO POR SEGURIDAD] Variante MISLEADING sobre: Análisis de la migración a través de la interfaz: Melilla, la frontera viva	MISLEADING	No se ha generado un texto desinformativo utilizable. Esta fila documenta de forma analítica cómo podría distorsionarse una pieza clasificada en VIGILANCIA DE FRONTERAS: Se amplifican episodios o debates sobre frontera para transmitir una imagen de colapso permanente del control fronterizo.	VIGILANCIA DE FRONTERAS	exageración operativa	Original: Análisis de la migración a través de la interfaz: Melilla, la frontera viva. Se amplifican episodios o debates sobre frontera para transmitir una imagen de colapso permanente del control fronterizo.	2022-11-29
[NO GENERADO POR SEGURIDAD] Variante FALSO sobre: La inmigración en los titulares de Google Noticias	FALSO	No se ha generado un texto desinformativo utilizable. Esta fila documenta de forma analítica cómo podría distorsionarse una pieza clasificada en POLÍTICA Y LEYES: Se inventa una reforma legal, acuerdo de gobierno o imposición institucional que el texto original no contiene.	POLÍTICA Y LEYES	atribución de decisiones políticas inexistentes	Original: La inmigración en los titulares de Google Noticias. Se inventa una reforma legal, acuerdo de gobierno o imposición institucional que el texto original no contiene.	2021-06-29
[NO GENERADO POR SEGURIDAD] Variante MISLEADING sobre: La inmigración en los titulares de Google Noticias	MISLEADING	No se ha generado un texto desinformativo utilizable. Esta fila documenta de forma analítica cómo podría distorsionarse una pieza clasificada en POLÍTICA Y LEYES: Se aíslan fragmentos sobre políticas o debates para insinuar cesiones, imposiciones o efectos extremos que el trabajo original no sostiene.	POLÍTICA Y LEYES	descontextualización normativa	Original: La inmigración en los titulares de Google Noticias. Se aíslan fragmentos sobre políticas o debates para insinuar cesiones, imposiciones o efectos extremos que el trabajo original no sostiene.	2021-06-29
[NO GENERADO POR SEGURIDAD] Variante FALSO sobre: Política migratoria en las islas Canarias: violaciones de derechos humanos durante la pandemia	FALSO	No se ha generado un texto desinformativo utilizable. Esta fila documenta de forma analítica cómo podría distorsionarse una pieza clasificada en POLÍTICA Y LEYES: Se inventa una reforma legal, acuerdo de gobierno o imposición institucional que el texto original no contiene.	POLÍTICA Y LEYES	atribución de decisiones políticas inexistentes	Original: Política migratoria en las islas Canarias: violaciones de derechos humanos durante la pandemia. Se inventa una reforma legal, acuerdo de gobierno o imposición institucional que el texto original no contiene.	2022-11-22
[NO GENERADO POR SEGURIDAD] Variante MISLEADING sobre: Política migratoria en las islas Canarias: violaciones de derechos humanos durante la pandemia	MISLEADING	No se ha generado un texto desinformativo utilizable. Esta fila documenta de forma analítica cómo podría distorsionarse una pieza clasificada en POLÍTICA Y LEYES: Se aíslan fragmentos sobre políticas o debates para insinuar cesiones, imposiciones o efectos extremos que el trabajo original no sostiene.	POLÍTICA Y LEYES	descontextualización normativa	Original: Política migratoria en las islas Canarias: violaciones de derechos humanos durante la pandemia. Se aíslan fragmentos sobre políticas o debates para insinuar cesiones, imposiciones o efectos extremos que el trabajo original no sostiene.	2022-11-22
[NO GENERADO POR SEGURIDAD] Variante FALSO sobre: La determinación de la edad. Obligaciones, praxis y estrategias de litigio para la efectiva protección de los derechos convencionales de los Menores Extranjeros No Acompañados	FALSO	No se ha generado un texto desinformativo utilizable. Esta fila documenta de forma analítica cómo podría distorsionarse una pieza clasificada en INFANCIA: Se sustituye el enfoque de protección infantil por una narrativa inventada de amenaza o descontrol atribuida a menores migrantes.	INFANCIA	criminalización fabricada de menores	Original: La determinación de la edad. Obligaciones, praxis y estrategias de litigio para la efectiva protección de los derechos convencionales de los Menores Extranjeros No Acompañados. Se sustituye el enfoque de protección infantil por una narrativa inventada de amenaza o descontrol atribuida a menores migrantes.	2021-03-20
[NO GENERADO POR SEGURIDAD] Variante MISLEADING sobre: La determinación de la edad. Obligaciones, praxis y estrategias de litigio para la efectiva protección de los derechos convencionales de los Menores Extranjeros No Acompañados	MISLEADING	No se ha generado un texto desinformativo utilizable. Esta fila documenta de forma analítica cómo podría distorsionarse una pieza clasificada en INFANCIA: Se toman elementos reales sobre tutela, edad o centros y se reencuadran con un tono alarmista que presenta a los menores como problema social.	INFANCIA	reinterpretación narrativa de datos reales	Original: La determinación de la edad. Obligaciones, praxis y estrategias de litigio para la efectiva protección de los derechos convencionales de los Menores Extranjeros No Acompañados. Se toman elementos reales sobre tutela, edad o centros y se reencuadran con un tono alarmista que presenta a los menores como problema social.	2021-03-20
[NO GENERADO POR SEGURIDAD] Variante FALSO sobre: Reacciones y abordajes de las políticas educativas frente a los flujos migratorios: Una revisión en clave comparada de los casos de Chile y Cataluña	FALSO	No se ha generado un texto desinformativo utilizable. Esta fila documenta de forma analítica cómo podría distorsionarse una pieza clasificada en CONVIVENCIA Y RACISMO: Se fabrican episodios de choque vecinal, discriminación o supuestos privilegios que no aparecen en la fuente.	CONVIVENCIA Y RACISMO	invención de conflictos sociales o bulos	Original: Reacciones y abordajes de las políticas educativas frente a los flujos migratorios: Una revisión en clave comparada de los casos de Chile y Cataluña. Se fabrican episodios de choque vecinal, discriminación o supuestos privilegios que no aparecen en la fuente.	2021-05-24
[NO GENERADO POR SEGURIDAD] Variante MISLEADING sobre: Reacciones y abordajes de las políticas educativas frente a los flujos migratorios: Una revisión en clave comparada de los casos de Chile y Cataluña	MISLEADING	No se ha generado un texto desinformativo utilizable. Esta fila documenta de forma analítica cómo podría distorsionarse una pieza clasificada en CONVIVENCIA Y RACISMO: Se reformula el contenido con términos alarmistas y confrontativos para presentar la diversidad o la convivencia como una amenaza cultural.	CONVIVENCIA Y RACISMO	uso de lenguaje emocional y polarización	Original: Reacciones y abordajes de las políticas educativas frente a los flujos migratorios: Una revisión en clave comparada de los casos de Chile y Cataluña. Se reformula el contenido con términos alarmistas y confrontativos para presentar la diversidad o la convivencia como una amenaza cultural.	2021-05-24
[NO GENERADO POR SEGURIDAD] Variante FALSO sobre: La percepción de apoyo social de madres migrantes monoparentales latinoamericanas en Canarias	FALSO	No se ha generado un texto desinformativo utilizable. Esta fila documenta de forma analítica cómo podría distorsionarse una pieza clasificada en RECURSOS DE ACOGIDA: Se inventan hoteles de lujo, ayudas extraordinarias o trato preferente en acogida que no están en la pieza original.	RECURSOS DE ACOGIDA	invención de ayudas o alojamientos privilegiados	Original: La percepción de apoyo social de madres migrantes monoparentales latinoamericanas en Canarias. Se inventan hoteles de lujo, ayudas extraordinarias o trato preferente en acogida que no están en la pieza original.	2025-03-17
[NO GENERADO POR SEGURIDAD] Variante MISLEADING sobre: La percepción de apoyo social de madres migrantes monoparentales latinoamericanas en Canarias	MISLEADING	No se ha generado un texto desinformativo utilizable. Esta fila documenta de forma analítica cómo podría distorsionarse una pieza clasificada en RECURSOS DE ACOGIDA: Se presenta la acogida con un lenguaje de agravio comparativo que magnifica ayudas, plazas o recursos sin reflejar su contexto real.	RECURSOS DE ACOGIDA	exageración de costes y beneficios	Original: La percepción de apoyo social de madres migrantes monoparentales latinoamericanas en Canarias. Se presenta la acogida con un lenguaje de agravio comparativo que magnifica ayudas, plazas o recursos sin reflejar su contexto real.	2025-03-17
[NO GENERADO POR SEGURIDAD] Variante FALSO sobre: La viabilidad demográfica de la España Rural	FALSO	No se ha generado un texto desinformativo utilizable. Esta fila documenta de forma analítica cómo podría distorsionarse una pieza clasificada en ECONOMÍA: Se convierte el análisis en una afirmación falsa sobre quiebra presupuestaria, hundimiento del PIB o coste masivo de la inmigración.	ECONOMÍA	invención de impacto económico extremo	Original: La viabilidad demográfica de la España Rural. Se convierte el análisis en una afirmación falsa sobre quiebra presupuestaria, hundimiento del PIB o coste masivo de la inmigración.	2023-06-29
[NO GENERADO POR SEGURIDAD] Variante MISLEADING sobre: La viabilidad demográfica de la España Rural	MISLEADING	No se ha generado un texto desinformativo utilizable. Esta fila documenta de forma analítica cómo podría distorsionarse una pieza clasificada en ECONOMÍA: Se toman solo los datos económicos más favorables a una lectura alarmista y se omiten beneficios, límites metodológicos o contexto temporal.	ECONOMÍA	selección interesada de indicadores	Original: La viabilidad demográfica de la España Rural. Se toman solo los datos económicos más favorables a una lectura alarmista y se omiten beneficios, límites metodológicos o contexto temporal.	2023-06-29
[NO GENERADO POR SEGURIDAD] Variante FALSO sobre: Marco institucional de la discriminación y tipos de inmigrantes en el mercado de trabajo en España	FALSO	No se ha generado un texto desinformativo utilizable. Esta fila documenta de forma analítica cómo podría distorsionarse una pieza clasificada en TRABAJO: Se transforma el contenido en una acusación falsa sobre sustitución laboral, fraude en ayudas o privilegios de empleo inexistentes.	TRABAJO	invención de fraude laboral o privilegios	Original: Marco institucional de la discriminación y tipos de inmigrantes en el mercado de trabajo en España. Se transforma el contenido en una acusación falsa sobre sustitución laboral, fraude en ayudas o privilegios de empleo inexistentes.	2024-03-08
[NO GENERADO POR SEGURIDAD] Variante MISLEADING sobre: Marco institucional de la discriminación y tipos de inmigrantes en el mercado de trabajo en España	MISLEADING	No se ha generado un texto desinformativo utilizable. Esta fila documenta de forma analítica cómo podría distorsionarse una pieza clasificada en TRABAJO: Se resaltan precariedad, competencia o explotación de forma parcial para insinuar que la migración perjudica sistemáticamente a los trabajadores autóctonos.	TRABAJO	reformulación sesgada de conflicto laboral	Original: Marco institucional de la discriminación y tipos de inmigrantes en el mercado de trabajo en España. Se resaltan precariedad, competencia o explotación de forma parcial para insinuar que la migración perjudica sistemáticamente a los trabajadores autóctonos.	2024-03-08
[NO GENERADO POR SEGURIDAD] Variante FALSO sobre: The Spanish of women inmigrated in contexts of no regulated and informal learning.	FALSO	No se ha generado un texto desinformativo utilizable. Esta fila documenta de forma analítica cómo podría distorsionarse una pieza clasificada en CONVIVENCIA Y RACISMO: Se fabrican episodios de choque vecinal, discriminación o supuestos privilegios que no aparecen en la fuente.	CONVIVENCIA Y RACISMO	invención de conflictos sociales o bulos	Original: The Spanish of women inmigrated in contexts of no regulated and informal learning.. Se fabrican episodios de choque vecinal, discriminación o supuestos privilegios que no aparecen en la fuente.	2020-09-15
[NO GENERADO POR SEGURIDAD] Variante MISLEADING sobre: The Spanish of women inmigrated in contexts of no regulated and informal learning.	MISLEADING	No se ha generado un texto desinformativo utilizable. Esta fila documenta de forma analítica cómo podría distorsionarse una pieza clasificada en CONVIVENCIA Y RACISMO: Se reformula el contenido con términos alarmistas y confrontativos para presentar la diversidad o la convivencia como una amenaza cultural.	CONVIVENCIA Y RACISMO	uso de lenguaje emocional y polarización	Original: The Spanish of women inmigrated in contexts of no regulated and informal learning.. Se reformula el contenido con términos alarmistas y confrontativos para presentar la diversidad o la convivencia como una amenaza cultural.	2020-09-15
[NO GENERADO POR SEGURIDAD] Variante FALSO sobre: Diplomacias migrantes	FALSO	No se ha generado un texto desinformativo utilizable. Esta fila documenta de forma analítica cómo podría distorsionarse una pieza clasificada en POLÍTICA Y LEYES: Se inventa una reforma legal, acuerdo de gobierno o imposición institucional que el texto original no contiene.	POLÍTICA Y LEYES	atribución de decisiones políticas inexistentes	Original: Diplomacias migrantes. Se inventa una reforma legal, acuerdo de gobierno o imposición institucional que el texto original no contiene.	2020-04-16
[NO GENERADO POR SEGURIDAD] Variante MISLEADING sobre: Diplomacias migrantes	MISLEADING	No se ha generado un texto desinformativo utilizable. Esta fila documenta de forma analítica cómo podría distorsionarse una pieza clasificada en POLÍTICA Y LEYES: Se aíslan fragmentos sobre políticas o debates para insinuar cesiones, imposiciones o efectos extremos que el trabajo original no sostiene.	POLÍTICA Y LEYES	descontextualización normativa	Original: Diplomacias migrantes. Se aíslan fragmentos sobre políticas o debates para insinuar cesiones, imposiciones o efectos extremos que el trabajo original no sostiene.	2020-04-16
[NO GENERADO POR SEGURIDAD] Variante FALSO sobre: Impacto de la inmigración en la sociedad receptora	FALSO	No se ha generado un texto desinformativo utilizable. Esta fila documenta de forma analítica cómo podría distorsionarse una pieza clasificada en CONVIVENCIA Y RACISMO: Se fabrican episodios de choque vecinal, discriminación o supuestos privilegios que no aparecen en la fuente.	CONVIVENCIA Y RACISMO	invención de conflictos sociales o bulos	Original: Impacto de la inmigración en la sociedad receptora. Se fabrican episodios de choque vecinal, discriminación o supuestos privilegios que no aparecen en la fuente.	2024-02-23
[NO GENERADO POR SEGURIDAD] Variante MISLEADING sobre: Impacto de la inmigración en la sociedad receptora	MISLEADING	No se ha generado un texto desinformativo utilizable. Esta fila documenta de forma analítica cómo podría distorsionarse una pieza clasificada en CONVIVENCIA Y RACISMO: Se reformula el contenido con términos alarmistas y confrontativos para presentar la diversidad o la convivencia como una amenaza cultural.	CONVIVENCIA Y RACISMO	uso de lenguaje emocional y polarización	Original: Impacto de la inmigración en la sociedad receptora. Se reformula el contenido con términos alarmistas y confrontativos para presentar la diversidad o la convivencia como una amenaza cultural.	2024-02-23
[NO GENERADO POR SEGURIDAD] Variante FALSO sobre: La política migratoria de Marruecos como recurso de seguridad y diplomacia: equilibrios e intereses	FALSO	No se ha generado un texto desinformativo utilizable. Esta fila documenta de forma analítica cómo podría distorsionarse una pieza clasificada en POLÍTICA Y LEYES: Se inventa una reforma legal, acuerdo de gobierno o imposición institucional que el texto original no contiene.	POLÍTICA Y LEYES	atribución de decisiones políticas inexistentes	Original: La política migratoria de Marruecos como recurso de seguridad y diplomacia: equilibrios e intereses. Se inventa una reforma legal, acuerdo de gobierno o imposición institucional que el texto original no contiene.	2023-12-21
[NO GENERADO POR SEGURIDAD] Variante MISLEADING sobre: La política migratoria de Marruecos como recurso de seguridad y diplomacia: equilibrios e intereses	MISLEADING	No se ha generado un texto desinformativo utilizable. Esta fila documenta de forma analítica cómo podría distorsionarse una pieza clasificada en POLÍTICA Y LEYES: Se aíslan fragmentos sobre políticas o debates para insinuar cesiones, imposiciones o efectos extremos que el trabajo original no sostiene.	POLÍTICA Y LEYES	descontextualización normativa	Original: La política migratoria de Marruecos como recurso de seguridad y diplomacia: equilibrios e intereses. Se aíslan fragmentos sobre políticas o debates para insinuar cesiones, imposiciones o efectos extremos que el trabajo original no sostiene.	2023-12-21
[NO GENERADO POR SEGURIDAD] Variante FALSO sobre: Huida, cimarronaje y santuario: genealogías críticas para deseurocentrar la historia del refugio en el Atlántico Negro	FALSO	No se ha generado un texto desinformativo utilizable. Esta fila documenta de forma analítica cómo podría distorsionarse una pieza clasificada en ASILO Y REFUGIO: Se afirma sin base que el asilo se concede de forma automática, fraudulenta o masiva a personas que no cumplen requisitos.	ASILO Y REFUGIO	invención de concesiones o fraudes de asilo	Original: Huida, cimarronaje y santuario: genealogías críticas para deseurocentrar la historia del refugio en el Atlántico Negro. Se afirma sin base que el asilo se concede de forma automática, fraudulenta o masiva a personas que no cumplen requisitos.	2022-07-01
[NO GENERADO POR SEGURIDAD] Variante MISLEADING sobre: Huida, cimarronaje y santuario: genealogías críticas para deseurocentrar la historia del refugio en el Atlántico Negro	MISLEADING	No se ha generado un texto desinformativo utilizable. Esta fila documenta de forma analítica cómo podría distorsionarse una pieza clasificada en ASILO Y REFUGIO: Se mezclan categorías jurídicas y contextos de persecución o guerra con argumentos de orden público para distorsionar el sentido del texto.	ASILO Y REFUGIO	confusión entre asilo, migración y seguridad	Original: Huida, cimarronaje y santuario: genealogías críticas para deseurocentrar la historia del refugio en el Atlántico Negro. Se mezclan categorías jurídicas y contextos de persecución o guerra con argumentos de orden público para distorsionar el sentido del texto.	2022-07-01
"[NO GENERADO POR SEGURIDAD] Variante FALSO sobre: Inmigración, Derechos Humanos y Modelos Europeo de fronteras Propuestas conceptuales sobre ""extraterritorialidad"", ""desterritorialidad"" y ""externalización"" de controles y flujos migratorios"	FALSO	No se ha generado un texto desinformativo utilizable. Esta fila documenta de forma analítica cómo podría distorsionarse una pieza clasificada en VIGILANCIA DE FRONTERAS: Se afirma falsamente que se han retirado controles, abierto fronteras o perdido el control territorial sin base en el contenido original.	VIGILANCIA DE FRONTERAS	invención de fallos o aperturas fronterizas	"Original: Inmigración, Derechos Humanos y Modelos Europeo de fronteras Propuestas conceptuales sobre ""extraterritorialidad"", ""desterritorialidad"" y ""externalización"" de controles y flujos migratorios. Se afirma falsamente que se han retirado controles, abierto fronteras o perdido el control territorial sin base en el contenido original."	2020-01-01
"[NO GENERADO POR SEGURIDAD] Variante MISLEADING sobre: Inmigración, Derechos Humanos y Modelos Europeo de fronteras Propuestas conceptuales sobre ""extraterritorialidad"", ""desterritorialidad"" y ""externalización"" de controles y flujos migratorios"	MISLEADING	No se ha generado un texto desinformativo utilizable. Esta fila documenta de forma analítica cómo podría distorsionarse una pieza clasificada en VIGILANCIA DE FRONTERAS: Se amplifican episodios o debates sobre frontera para transmitir una imagen de colapso permanente del control fronterizo.	VIGILANCIA DE FRONTERAS	exageración operativa	"Original: Inmigración, Derechos Humanos y Modelos Europeo de fronteras Propuestas conceptuales sobre ""extraterritorialidad"", ""desterritorialidad"" y ""externalización"" de controles y flujos migratorios. Se amplifican episodios o debates sobre frontera para transmitir una imagen de colapso permanente del control fronterizo."	2020-01-01
[NO GENERADO POR SEGURIDAD] Variante FALSO sobre: De indígenas a “ciudadanos”. Incorporación al Estado-Nación desde la prensa (Pampa y Patagonia, 1880-1930)	FALSO	No se ha generado un texto desinformativo utilizable. Esta fila documenta de forma analítica cómo podría distorsionarse una pieza clasificada en POLÍTICA Y LEYES: Se inventa una reforma legal, acuerdo de gobierno o imposición institucional que el texto original no contiene.	POLÍTICA Y LEYES	atribución de decisiones políticas inexistentes	Original: De indígenas a “ciudadanos”. Incorporación al Estado-Nación desde la prensa (Pampa y Patagonia, 1880-1930). Se inventa una reforma legal, acuerdo de gobierno o imposición institucional que el texto original no contiene.	2025-07-30
[NO GENERADO POR SEGURIDAD] Variante MISLEADING sobre: De indígenas a “ciudadanos”. Incorporación al Estado-Nación desde la prensa (Pampa y Patagonia, 1880-1930)	MISLEADING	No se ha generado un texto desinformativo utilizable. Esta fila documenta de forma analítica cómo podría distorsionarse una pieza clasificada en POLÍTICA Y LEYES: Se aíslan fragmentos sobre políticas o debates para insinuar cesiones, imposiciones o efectos extremos que el trabajo original no sostiene.	POLÍTICA Y LEYES	descontextualización normativa	Original: De indígenas a “ciudadanos”. Incorporación al Estado-Nación desde la prensa (Pampa y Patagonia, 1880-1930). Se aíslan fragmentos sobre políticas o debates para insinuar cesiones, imposiciones o efectos extremos que el trabajo original no sostiene.	2025-07-30
[NO GENERADO POR SEGURIDAD] Variante FALSO sobre: Retorno al sur, desconcentración metropolitana y nuevos flujos migratorios en España	FALSO	No se ha generado un texto desinformativo utilizable. Esta fila documenta de forma analítica cómo podría distorsionarse una pieza clasificada en POLÍTICA Y LEYES: Se inventa una reforma legal, acuerdo de gobierno o imposición institucional que el texto original no contiene.	POLÍTICA Y LEYES	atribución de decisiones políticas inexistentes	Original: Retorno al sur, desconcentración metropolitana y nuevos flujos migratorios en España. Se inventa una reforma legal, acuerdo de gobierno o imposición institucional que el texto original no contiene.	2024-03-12
[NO GENERADO POR SEGURIDAD] Variante MISLEADING sobre: Retorno al sur, desconcentración metropolitana y nuevos flujos migratorios en España	MISLEADING	No se ha generado un texto desinformativo utilizable. Esta fila documenta de forma analítica cómo podría distorsionarse una pieza clasificada en POLÍTICA Y LEYES: Se aíslan fragmentos sobre políticas o debates para insinuar cesiones, imposiciones o efectos extremos que el trabajo original no sostiene.	POLÍTICA Y LEYES	descontextualización normativa	Original: Retorno al sur, desconcentración metropolitana y nuevos flujos migratorios en España. Se aíslan fragmentos sobre políticas o debates para insinuar cesiones, imposiciones o efectos extremos que el trabajo original no sostiene.	2024-03-12
[NO GENERADO POR SEGURIDAD] Variante FALSO sobre: Crónica de la desescalada: el final de los ERTES COVID y el retorno a la normalidad laboral	FALSO	No se ha generado un texto desinformativo utilizable. Esta fila documenta de forma analítica cómo podría distorsionarse una pieza clasificada en TRABAJO: Se transforma el contenido en una acusación falsa sobre sustitución laboral, fraude en ayudas o privilegios de empleo inexistentes.	TRABAJO	invención de fraude laboral o privilegios	Original: Crónica de la desescalada: el final de los ERTES COVID y el retorno a la normalidad laboral. Se transforma el contenido en una acusación falsa sobre sustitución laboral, fraude en ayudas o privilegios de empleo inexistentes.	2020-01-01
[NO GENERADO POR SEGURIDAD] Variante MISLEADING sobre: Crónica de la desescalada: el final de los ERTES COVID y el retorno a la normalidad laboral	MISLEADING	No se ha generado un texto desinformativo utilizable. Esta fila documenta de forma analítica cómo podría distorsionarse una pieza clasificada en TRABAJO: Se resaltan precariedad, competencia o explotación de forma parcial para insinuar que la migración perjudica sistemáticamente a los trabajadores autóctonos.	TRABAJO	reformulación sesgada de conflicto laboral	Original: Crónica de la desescalada: el final de los ERTES COVID y el retorno a la normalidad laboral. Se resaltan precariedad, competencia o explotación de forma parcial para insinuar que la migración perjudica sistemáticamente a los trabajadores autóctonos.	2020-01-01
[NO GENERADO POR SEGURIDAD] Variante FALSO sobre: Propuesta metodológica para la descomposición y el análisis de contenido del discurso periodístico	FALSO	No se ha generado un texto desinformativo utilizable. Esta fila documenta de forma analítica cómo podría distorsionarse una pieza clasificada en POLÍTICA Y LEYES: Se inventa una reforma legal, acuerdo de gobierno o imposición institucional que el texto original no contiene.	POLÍTICA Y LEYES	atribución de decisiones políticas inexistentes	Original: Propuesta metodológica para la descomposición y el análisis de contenido del discurso periodístico. Se inventa una reforma legal, acuerdo de gobierno o imposición institucional que el texto original no contiene.	2023-01-01
[NO GENERADO POR SEGURIDAD] Variante MISLEADING sobre: Propuesta metodológica para la descomposición y el análisis de contenido del discurso periodístico	MISLEADING	No se ha generado un texto desinformativo utilizable. Esta fila documenta de forma analítica cómo podría distorsionarse una pieza clasificada en POLÍTICA Y LEYES: Se aíslan fragmentos sobre políticas o debates para insinuar cesiones, imposiciones o efectos extremos que el trabajo original no sostiene.	POLÍTICA Y LEYES	descontextualización normativa	Original: Propuesta metodológica para la descomposición y el análisis de contenido del discurso periodístico. Se aíslan fragmentos sobre políticas o debates para insinuar cesiones, imposiciones o efectos extremos que el trabajo original no sostiene.	2023-01-01
[NO GENERADO POR SEGURIDAD] Variante FALSO sobre: Sociedades pluriculturales y administraciones locales: inmigración, diversidad y convivencia en las ciudades. Reflexiones jurídicas	FALSO	No se ha generado un texto desinformativo utilizable. Esta fila documenta de forma analítica cómo podría distorsionarse una pieza clasificada en CONVIVENCIA Y RACISMO: Se fabrican episodios de choque vecinal, discriminación o supuestos privilegios que no aparecen en la fuente.	CONVIVENCIA Y RACISMO	invención de conflictos sociales o bulos	Original: Sociedades pluriculturales y administraciones locales: inmigración, diversidad y convivencia en las ciudades. Reflexiones jurídicas. Se fabrican episodios de choque vecinal, discriminación o supuestos privilegios que no aparecen en la fuente.	2023-08-01
[NO GENERADO POR SEGURIDAD] Variante MISLEADING sobre: Sociedades pluriculturales y administraciones locales: inmigración, diversidad y convivencia en las ciudades. Reflexiones jurídicas	MISLEADING	No se ha generado un texto desinformativo utilizable. Esta fila documenta de forma analítica cómo podría distorsionarse una pieza clasificada en CONVIVENCIA Y RACISMO: Se reformula el contenido con términos alarmistas y confrontativos para presentar la diversidad o la convivencia como una amenaza cultural.	CONVIVENCIA Y RACISMO	uso de lenguaje emocional y polarización	Original: Sociedades pluriculturales y administraciones locales: inmigración, diversidad y convivencia en las ciudades. Reflexiones jurídicas. Se reformula el contenido con términos alarmistas y confrontativos para presentar la diversidad o la convivencia como una amenaza cultural.	2023-08-01
[NO GENERADO POR SEGURIDAD] Variante FALSO sobre: Hacia un concepto operativo de frontera. Nuevos dispositivos legales y sus efectos en el cuerpo migrante	FALSO	No se ha generado un texto desinformativo utilizable. Esta fila documenta de forma analítica cómo podría distorsionarse una pieza clasificada en VIGILANCIA DE FRONTERAS: Se afirma falsamente que se han retirado controles, abierto fronteras o perdido el control territorial sin base en el contenido original.	VIGILANCIA DE FRONTERAS	invención de fallos o aperturas fronterizas	Original: Hacia un concepto operativo de frontera. Nuevos dispositivos legales y sus efectos en el cuerpo migrante. Se afirma falsamente que se han retirado controles, abierto fronteras o perdido el control territorial sin base en el contenido original.	2024-03-04
[NO GENERADO POR SEGURIDAD] Variante MISLEADING sobre: Hacia un concepto operativo de frontera. Nuevos dispositivos legales y sus efectos en el cuerpo migrante	MISLEADING	No se ha generado un texto desinformativo utilizable. Esta fila documenta de forma analítica cómo podría distorsionarse una pieza clasificada en VIGILANCIA DE FRONTERAS: Se amplifican episodios o debates sobre frontera para transmitir una imagen de colapso permanente del control fronterizo.	VIGILANCIA DE FRONTERAS	exageración operativa	Original: Hacia un concepto operativo de frontera. Nuevos dispositivos legales y sus efectos en el cuerpo migrante. Se amplifican episodios o debates sobre frontera para transmitir una imagen de colapso permanente del control fronterizo.	2024-03-04
[NO GENERADO POR SEGURIDAD] Variante FALSO sobre: Fronteras cotidianas: intersecciones de espacios de exclusión y resistencia en una experiencia de migración desde América del Sur	FALSO	No se ha generado un texto desinformativo utilizable. Esta fila documenta de forma analítica cómo podría distorsionarse una pieza clasificada en VIGILANCIA DE FRONTERAS: Se afirma falsamente que se han retirado controles, abierto fronteras o perdido el control territorial sin base en el contenido original.	VIGILANCIA DE FRONTERAS	invención de fallos o aperturas fronterizas	Original: Fronteras cotidianas: intersecciones de espacios de exclusión y resistencia en una experiencia de migración desde América del Sur. Se afirma falsamente que se han retirado controles, abierto fronteras o perdido el control territorial sin base en el contenido original.	2021-12-14
[NO GENERADO POR SEGURIDAD] Variante MISLEADING sobre: Fronteras cotidianas: intersecciones de espacios de exclusión y resistencia en una experiencia de migración desde América del Sur	MISLEADING	No se ha generado un texto desinformativo utilizable. Esta fila documenta de forma analítica cómo podría distorsionarse una pieza clasificada en VIGILANCIA DE FRONTERAS: Se amplifican episodios o debates sobre frontera para transmitir una imagen de colapso permanente del control fronterizo.	VIGILANCIA DE FRONTERAS	exageración operativa	Original: Fronteras cotidianas: intersecciones de espacios de exclusión y resistencia en una experiencia de migración desde América del Sur. Se amplifican episodios o debates sobre frontera para transmitir una imagen de colapso permanente del control fronterizo.	2021-12-14
[NO GENERADO POR SEGURIDAD] Variante FALSO sobre: La inmigración suiza y el surgimiento de una red vinculada a la yerba mate en Misiones, Argentina: un abordaje a partir de la microhistoria (1919-1929)	FALSO	No se ha generado un texto desinformativo utilizable. Esta fila documenta de forma analítica cómo podría distorsionarse una pieza clasificada en POLÍTICA Y LEYES: Se inventa una reforma legal, acuerdo de gobierno o imposición institucional que el texto original no contiene.	POLÍTICA Y LEYES	atribución de decisiones políticas inexistentes	Original: La inmigración suiza y el surgimiento de una red vinculada a la yerba mate en Misiones, Argentina: un abordaje a partir de la microhistoria (1919-1929). Se inventa una reforma legal, acuerdo de gobierno o imposición institucional que el texto original no contiene.	2024-03-15
[NO GENERADO POR SEGURIDAD] Variante MISLEADING sobre: La inmigración suiza y el surgimiento de una red vinculada a la yerba mate en Misiones, Argentina: un abordaje a partir de la microhistoria (1919-1929)	MISLEADING	No se ha generado un texto desinformativo utilizable. Esta fila documenta de forma analítica cómo podría distorsionarse una pieza clasificada en POLÍTICA Y LEYES: Se aíslan fragmentos sobre políticas o debates para insinuar cesiones, imposiciones o efectos extremos que el trabajo original no sostiene.	POLÍTICA Y LEYES	descontextualización normativa	Original: La inmigración suiza y el surgimiento de una red vinculada a la yerba mate en Misiones, Argentina: un abordaje a partir de la microhistoria (1919-1929). Se aíslan fragmentos sobre políticas o debates para insinuar cesiones, imposiciones o efectos extremos que el trabajo original no sostiene.	2024-03-15
[NO GENERADO POR SEGURIDAD] Variante FALSO sobre: Andragogía: un límite al edadismo (la Generación Siglo 20/21 un modelo de referencia)	FALSO	No se ha generado un texto desinformativo utilizable. Esta fila documenta de forma analítica cómo podría distorsionarse una pieza clasificada en POLÍTICA Y LEYES: Se inventa una reforma legal, acuerdo de gobierno o imposición institucional que el texto original no contiene.	POLÍTICA Y LEYES	atribución de decisiones políticas inexistentes	Original: Andragogía: un límite al edadismo (la Generación Siglo 20/21 un modelo de referencia). Se inventa una reforma legal, acuerdo de gobierno o imposición institucional que el texto original no contiene.	2022-10-31
[NO GENERADO POR SEGURIDAD] Variante MISLEADING sobre: Andragogía: un límite al edadismo (la Generación Siglo 20/21 un modelo de referencia)	MISLEADING	No se ha generado un texto desinformativo utilizable. Esta fila documenta de forma analítica cómo podría distorsionarse una pieza clasificada en POLÍTICA Y LEYES: Se aíslan fragmentos sobre políticas o debates para insinuar cesiones, imposiciones o efectos extremos que el trabajo original no sostiene.	POLÍTICA Y LEYES	descontextualización normativa	Original: Andragogía: un límite al edadismo (la Generación Siglo 20/21 un modelo de referencia). Se aíslan fragmentos sobre políticas o debates para insinuar cesiones, imposiciones o efectos extremos que el trabajo original no sostiene.	2022-10-31
[NO GENERADO POR SEGURIDAD] Variante FALSO sobre: El nuevo mapa regulatorio del trabajo del hogar en España. Condicionantes político-jurídicos y condicionantes materiales de un sector precarizado y feminizado	FALSO	No se ha generado un texto desinformativo utilizable. Esta fila documenta de forma analítica cómo podría distorsionarse una pieza clasificada en TRABAJO: Se transforma el contenido en una acusación falsa sobre sustitución laboral, fraude en ayudas o privilegios de empleo inexistentes.	TRABAJO	invención de fraude laboral o privilegios	Original: El nuevo mapa regulatorio del trabajo del hogar en España. Condicionantes político-jurídicos y condicionantes materiales de un sector precarizado y feminizado. Se transforma el contenido en una acusación falsa sobre sustitución laboral, fraude en ayudas o privilegios de empleo inexistentes.	2023-06-01
[NO GENERADO POR SEGURIDAD] Variante MISLEADING sobre: El nuevo mapa regulatorio del trabajo del hogar en España. Condicionantes político-jurídicos y condicionantes materiales de un sector precarizado y feminizado	MISLEADING	No se ha generado un texto desinformativo utilizable. Esta fila documenta de forma analítica cómo podría distorsionarse una pieza clasificada en TRABAJO: Se resaltan precariedad, competencia o explotación de forma parcial para insinuar que la migración perjudica sistemáticamente a los trabajadores autóctonos.	TRABAJO	reformulación sesgada de conflicto laboral	Original: El nuevo mapa regulatorio del trabajo del hogar en España. Condicionantes político-jurídicos y condicionantes materiales de un sector precarizado y feminizado. Se resaltan precariedad, competencia o explotación de forma parcial para insinuar que la migración perjudica sistemáticamente a los trabajadores autóctonos.	2023-06-01
[NO GENERADO POR SEGURIDAD] Variante FALSO sobre: Estudio de los factores que propician la participación política de los inmigrantes con derecho a voto. Caso de los residentes venezolanos en Chile (2017-2021)	FALSO	No se ha generado un texto desinformativo utilizable. Esta fila documenta de forma analítica cómo podría distorsionarse una pieza clasificada en POLÍTICA Y LEYES: Se inventa una reforma legal, acuerdo de gobierno o imposición institucional que el texto original no contiene.	POLÍTICA Y LEYES	atribución de decisiones políticas inexistentes	Original: Estudio de los factores que propician la participación política de los inmigrantes con derecho a voto. Caso de los residentes venezolanos en Chile (2017-2021). Se inventa una reforma legal, acuerdo de gobierno o imposición institucional que el texto original no contiene.	2023-12-26
[NO GENERADO POR SEGURIDAD] Variante MISLEADING sobre: Estudio de los factores que propician la participación política de los inmigrantes con derecho a voto. Caso de los residentes venezolanos en Chile (2017-2021)	MISLEADING	No se ha generado un texto desinformativo utilizable. Esta fila documenta de forma analítica cómo podría distorsionarse una pieza clasificada en POLÍTICA Y LEYES: Se aíslan fragmentos sobre políticas o debates para insinuar cesiones, imposiciones o efectos extremos que el trabajo original no sostiene.	POLÍTICA Y LEYES	descontextualización normativa	Original: Estudio de los factores que propician la participación política de los inmigrantes con derecho a voto. Caso de los residentes venezolanos en Chile (2017-2021). Se aíslan fragmentos sobre políticas o debates para insinuar cesiones, imposiciones o efectos extremos que el trabajo original no sostiene.	2023-12-26
[NO GENERADO POR SEGURIDAD] Variante FALSO sobre: Competencia cultural enfermera en España	FALSO	No se ha generado un texto desinformativo utilizable. Esta fila documenta de forma analítica cómo podría distorsionarse una pieza clasificada en SANIDAD: Se atribuye falsamente a la población migrante un colapso sanitario, contagios o trato preferente que no figura en el texto original.	SANIDAD	invención de saturación o riesgos sanitarios	Original: Competencia cultural enfermera en España. Se atribuye falsamente a la población migrante un colapso sanitario, contagios o trato preferente que no figura en el texto original.	2023-06-01
[NO GENERADO POR SEGURIDAD] Variante MISLEADING sobre: Competencia cultural enfermera en España	MISLEADING	No se ha generado un texto desinformativo utilizable. Esta fila documenta de forma analítica cómo podría distorsionarse una pieza clasificada en SANIDAD: Se enfatizan problemas reales de acceso o atención para sugerir sin base que la migración quita recursos sanitarios a la población local.	SANIDAD	sesgo de escasez y competencia por recursos	Original: Competencia cultural enfermera en España. Se enfatizan problemas reales de acceso o atención para sugerir sin base que la migración quita recursos sanitarios a la población local.	2023-06-01
[NO GENERADO POR SEGURIDAD] Variante FALSO sobre: Inmigración y gestión de la comunicación: ¿logística humanitaria vs logística comercial?	FALSO	No se ha generado un texto desinformativo utilizable. Esta fila documenta de forma analítica cómo podría distorsionarse una pieza clasificada en HUMANITARIO: Se falsean rescates, víctimas o actuaciones humanitarias para negar el componente de emergencia o para atribuir montajes inexistentes.	HUMANITARIO	negación o invención de emergencias	Original: Inmigración y gestión de la comunicación: ¿logística humanitaria vs logística comercial?. Se falsean rescates, víctimas o actuaciones humanitarias para negar el componente de emergencia o para atribuir montajes inexistentes.	2024-01-31
[NO GENERADO POR SEGURIDAD] Variante MISLEADING sobre: Inmigración y gestión de la comunicación: ¿logística humanitaria vs logística comercial?	MISLEADING	No se ha generado un texto desinformativo utilizable. Esta fila documenta de forma analítica cómo podría distorsionarse una pieza clasificada en HUMANITARIO: Se reescribe el enfoque humanitario para insinuar que los rescates son una estrategia política o un privilegio, minimizando el riesgo vital descrito en el original.	HUMANITARIO	deshumanización del rescate	Original: Inmigración y gestión de la comunicación: ¿logística humanitaria vs logística comercial?. Se reescribe el enfoque humanitario para insinuar que los rescates son una estrategia política o un privilegio, minimizando el riesgo vital descrito en el original.	2024-01-31
[NO GENERADO POR SEGURIDAD] Variante FALSO sobre: Actividades orientadas al desarrollo de la motivación para la enseñanza del español como lengua extranjera a adultos extranjeros residentes en Melilla	FALSO	No se ha generado un texto desinformativo utilizable. Esta fila documenta de forma analítica cómo podría distorsionarse una pieza clasificada en CONVIVENCIA Y RACISMO: Se fabrican episodios de choque vecinal, discriminación o supuestos privilegios que no aparecen en la fuente.	CONVIVENCIA Y RACISMO	invención de conflictos sociales o bulos	Original: Actividades orientadas al desarrollo de la motivación para la enseñanza del español como lengua extranjera a adultos extranjeros residentes en Melilla. Se fabrican episodios de choque vecinal, discriminación o supuestos privilegios que no aparecen en la fuente.	2020-06-24
[NO GENERADO POR SEGURIDAD] Variante MISLEADING sobre: Actividades orientadas al desarrollo de la motivación para la enseñanza del español como lengua extranjera a adultos extranjeros residentes en Melilla	MISLEADING	No se ha generado un texto desinformativo utilizable. Esta fila documenta de forma analítica cómo podría distorsionarse una pieza clasificada en CONVIVENCIA Y RACISMO: Se reformula el contenido con términos alarmistas y confrontativos para presentar la diversidad o la convivencia como una amenaza cultural.	CONVIVENCIA Y RACISMO	uso de lenguaje emocional y polarización	Original: Actividades orientadas al desarrollo de la motivación para la enseñanza del español como lengua extranjera a adultos extranjeros residentes en Melilla. Se reformula el contenido con términos alarmistas y confrontativos para presentar la diversidad o la convivencia como una amenaza cultural.	2020-06-24
[NO GENERADO POR SEGURIDAD] Variante FALSO sobre: Modelo organizativo de impacto social positivo. La sindicalización feminista como forma de resistencia	FALSO	No se ha generado un texto desinformativo utilizable. Esta fila documenta de forma analítica cómo podría distorsionarse una pieza clasificada en TRABAJO: Se transforma el contenido en una acusación falsa sobre sustitución laboral, fraude en ayudas o privilegios de empleo inexistentes.	TRABAJO	invención de fraude laboral o privilegios	Original: Modelo organizativo de impacto social positivo. La sindicalización feminista como forma de resistencia. Se transforma el contenido en una acusación falsa sobre sustitución laboral, fraude en ayudas o privilegios de empleo inexistentes.	2023-01-01
[NO GENERADO POR SEGURIDAD] Variante MISLEADING sobre: Modelo organizativo de impacto social positivo. La sindicalización feminista como forma de resistencia	MISLEADING	No se ha generado un texto desinformativo utilizable. Esta fila documenta de forma analítica cómo podría distorsionarse una pieza clasificada en TRABAJO: Se resaltan precariedad, competencia o explotación de forma parcial para insinuar que la migración perjudica sistemáticamente a los trabajadores autóctonos.	TRABAJO	reformulación sesgada de conflicto laboral	Original: Modelo organizativo de impacto social positivo. La sindicalización feminista como forma de resistencia. Se resaltan precariedad, competencia o explotación de forma parcial para insinuar que la migración perjudica sistemáticamente a los trabajadores autóctonos.	2023-01-01
[NO GENERADO POR SEGURIDAD] Variante FALSO sobre: Democracia, civismo y partidos políticos	FALSO	No se ha generado un texto desinformativo utilizable. Esta fila documenta de forma analítica cómo podría distorsionarse una pieza clasificada en POLÍTICA Y LEYES: Se inventa una reforma legal, acuerdo de gobierno o imposición institucional que el texto original no contiene.	POLÍTICA Y LEYES	atribución de decisiones políticas inexistentes	Original: Democracia, civismo y partidos políticos. Se inventa una reforma legal, acuerdo de gobierno o imposición institucional que el texto original no contiene.	2022-04-08
[NO GENERADO POR SEGURIDAD] Variante MISLEADING sobre: Democracia, civismo y partidos políticos	MISLEADING	No se ha generado un texto desinformativo utilizable. Esta fila documenta de forma analítica cómo podría distorsionarse una pieza clasificada en POLÍTICA Y LEYES: Se aíslan fragmentos sobre políticas o debates para insinuar cesiones, imposiciones o efectos extremos que el trabajo original no sostiene.	POLÍTICA Y LEYES	descontextualización normativa	Original: Democracia, civismo y partidos políticos. Se aíslan fragmentos sobre políticas o debates para insinuar cesiones, imposiciones o efectos extremos que el trabajo original no sostiene.	2022-04-08
[NO GENERADO POR SEGURIDAD] Variante FALSO sobre: Cambios en la estrategia política de Vox tras su irrupción electoral: populismo y búsqueda del voto obrero	FALSO	No se ha generado un texto desinformativo utilizable. Esta fila documenta de forma analítica cómo podría distorsionarse una pieza clasificada en POLÍTICA Y LEYES: Se inventa una reforma legal, acuerdo de gobierno o imposición institucional que el texto original no contiene.	POLÍTICA Y LEYES	atribución de decisiones políticas inexistentes	Original: Cambios en la estrategia política de Vox tras su irrupción electoral: populismo y búsqueda del voto obrero. Se inventa una reforma legal, acuerdo de gobierno o imposición institucional que el texto original no contiene.	2024-01-09
[NO GENERADO POR SEGURIDAD] Variante MISLEADING sobre: Cambios en la estrategia política de Vox tras su irrupción electoral: populismo y búsqueda del voto obrero	MISLEADING	No se ha generado un texto desinformativo utilizable. Esta fila documenta de forma analítica cómo podría distorsionarse una pieza clasificada en POLÍTICA Y LEYES: Se aíslan fragmentos sobre políticas o debates para insinuar cesiones, imposiciones o efectos extremos que el trabajo original no sostiene.	POLÍTICA Y LEYES	descontextualización normativa	Original: Cambios en la estrategia política de Vox tras su irrupción electoral: populismo y búsqueda del voto obrero. Se aíslan fragmentos sobre políticas o debates para insinuar cesiones, imposiciones o efectos extremos que el trabajo original no sostiene.	2024-01-09
[NO GENERADO POR SEGURIDAD] Variante FALSO sobre: Experiencias de discriminación racial en la población inmigrante marroquí en el País Vasco: Perspectivas generacionales y de género	FALSO	No se ha generado un texto desinformativo utilizable. Esta fila documenta de forma analítica cómo podría distorsionarse una pieza clasificada en CONVIVENCIA Y RACISMO: Se fabrican episodios de choque vecinal, discriminación o supuestos privilegios que no aparecen en la fuente.	CONVIVENCIA Y RACISMO	invención de conflictos sociales o bulos	Original: Experiencias de discriminación racial en la población inmigrante marroquí en el País Vasco: Perspectivas generacionales y de género. Se fabrican episodios de choque vecinal, discriminación o supuestos privilegios que no aparecen en la fuente.	2025-06-24
[NO GENERADO POR SEGURIDAD] Variante MISLEADING sobre: Experiencias de discriminación racial en la población inmigrante marroquí en el País Vasco: Perspectivas generacionales y de género	MISLEADING	No se ha generado un texto desinformativo utilizable. Esta fila documenta de forma analítica cómo podría distorsionarse una pieza clasificada en CONVIVENCIA Y RACISMO: Se reformula el contenido con términos alarmistas y confrontativos para presentar la diversidad o la convivencia como una amenaza cultural.	CONVIVENCIA Y RACISMO	uso de lenguaje emocional y polarización	Original: Experiencias de discriminación racial en la población inmigrante marroquí en el País Vasco: Perspectivas generacionales y de género. Se reformula el contenido con términos alarmistas y confrontativos para presentar la diversidad o la convivencia como una amenaza cultural.	2025-06-24
[NO GENERADO POR SEGURIDAD] Variante FALSO sobre: La regulación de las paradas policiales: una comparativa internacional	FALSO	No se ha generado un texto desinformativo utilizable. Esta fila documenta de forma analítica cómo podría distorsionarse una pieza clasificada en CRIMINALIDAD: Se inventa una relación causal directa entre inmigración y delincuencia que no aparece en el texto original, atribuyendo delitos, detenciones u operaciones policiales inexistentes.	CRIMINALIDAD	invención de hechos delictivos y generalización	Original: La regulación de las paradas policiales: una comparativa internacional. Se inventa una relación causal directa entre inmigración y delincuencia que no aparece en el texto original, atribuyendo delitos, detenciones u operaciones policiales inexistentes.	2020-10-09
[NO GENERADO POR SEGURIDAD] Variante MISLEADING sobre: La regulación de las paradas policiales: una comparativa internacional	MISLEADING	No se ha generado un texto desinformativo utilizable. Esta fila documenta de forma analítica cómo podría distorsionarse una pieza clasificada en CRIMINALIDAD: Se seleccionan referencias parciales a seguridad o violencia y se reinterpretan para insinuar una ola delictiva asociada a personas migrantes, omitiendo matices y contexto.	CRIMINALIDAD	mezcla de dato real con conclusión falsa	Original: La regulación de las paradas policiales: una comparativa internacional. Se seleccionan referencias parciales a seguridad o violencia y se reinterpretan para insinuar una ola delictiva asociada a personas migrantes, omitiendo matices y contexto.	2020-10-09
[NO GENERADO POR SEGURIDAD] Variante FALSO sobre: La situación de los inmigrantes y el mundo laboral	FALSO	No se ha generado un texto desinformativo utilizable. Esta fila documenta de forma analítica cómo podría distorsionarse una pieza clasificada en TRABAJO: Se transforma el contenido en una acusación falsa sobre sustitución laboral, fraude en ayudas o privilegios de empleo inexistentes.	TRABAJO	invención de fraude laboral o privilegios	Original: La situación de los inmigrantes y el mundo laboral. Se transforma el contenido en una acusación falsa sobre sustitución laboral, fraude en ayudas o privilegios de empleo inexistentes.	2020-01-16
[NO GENERADO POR SEGURIDAD] Variante MISLEADING sobre: La situación de los inmigrantes y el mundo laboral	MISLEADING	No se ha generado un texto desinformativo utilizable. Esta fila documenta de forma analítica cómo podría distorsionarse una pieza clasificada en TRABAJO: Se resaltan precariedad, competencia o explotación de forma parcial para insinuar que la migración perjudica sistemáticamente a los trabajadores autóctonos.	TRABAJO	reformulación sesgada de conflicto laboral	Original: La situación de los inmigrantes y el mundo laboral. Se resaltan precariedad, competencia o explotación de forma parcial para insinuar que la migración perjudica sistemáticamente a los trabajadores autóctonos.	2020-01-16
[NO GENERADO POR SEGURIDAD] Variante FALSO sobre: Validación de la Escala de Percepción de Amenaza Exogrupal (EPAE) para inmigrantes venezolanos en Colombia	FALSO	No se ha generado un texto desinformativo utilizable. Esta fila documenta de forma analítica cómo podría distorsionarse una pieza clasificada en CONVIVENCIA Y RACISMO: Se fabrican episodios de choque vecinal, discriminación o supuestos privilegios que no aparecen en la fuente.	CONVIVENCIA Y RACISMO	invención de conflictos sociales o bulos	Original: Validación de la Escala de Percepción de Amenaza Exogrupal (EPAE) para inmigrantes venezolanos en Colombia. Se fabrican episodios de choque vecinal, discriminación o supuestos privilegios que no aparecen en la fuente.	2024-12-20
[NO GENERADO POR SEGURIDAD] Variante MISLEADING sobre: Validación de la Escala de Percepción de Amenaza Exogrupal (EPAE) para inmigrantes venezolanos en Colombia	MISLEADING	No se ha generado un texto desinformativo utilizable. Esta fila documenta de forma analítica cómo podría distorsionarse una pieza clasificada en CONVIVENCIA Y RACISMO: Se reformula el contenido con términos alarmistas y confrontativos para presentar la diversidad o la convivencia como una amenaza cultural.	CONVIVENCIA Y RACISMO	uso de lenguaje emocional y polarización	Original: Validación de la Escala de Percepción de Amenaza Exogrupal (EPAE) para inmigrantes venezolanos en Colombia. Se reformula el contenido con términos alarmistas y confrontativos para presentar la diversidad o la convivencia como una amenaza cultural.	2024-12-20
[NO GENERADO POR SEGURIDAD] Variante FALSO sobre: Emociones, plurilingüismo e interculturalidad: trabajar y fomentar su importancia con alumnos de ELE Barbadenses	FALSO	No se ha generado un texto desinformativo utilizable. Esta fila documenta de forma analítica cómo podría distorsionarse una pieza clasificada en CONVIVENCIA Y RACISMO: Se fabrican episodios de choque vecinal, discriminación o supuestos privilegios que no aparecen en la fuente.	CONVIVENCIA Y RACISMO	invención de conflictos sociales o bulos	Original: Emociones, plurilingüismo e interculturalidad: trabajar y fomentar su importancia con alumnos de ELE Barbadenses. Se fabrican episodios de choque vecinal, discriminación o supuestos privilegios que no aparecen en la fuente.	2023-01-01
[NO GENERADO POR SEGURIDAD] Variante MISLEADING sobre: Emociones, plurilingüismo e interculturalidad: trabajar y fomentar su importancia con alumnos de ELE Barbadenses	MISLEADING	No se ha generado un texto desinformativo utilizable. Esta fila documenta de forma analítica cómo podría distorsionarse una pieza clasificada en CONVIVENCIA Y RACISMO: Se reformula el contenido con términos alarmistas y confrontativos para presentar la diversidad o la convivencia como una amenaza cultural.	CONVIVENCIA Y RACISMO	uso de lenguaje emocional y polarización	Original: Emociones, plurilingüismo e interculturalidad: trabajar y fomentar su importancia con alumnos de ELE Barbadenses. Se reformula el contenido con términos alarmistas y confrontativos para presentar la diversidad o la convivencia como una amenaza cultural.	2023-01-01
[NO GENERADO POR SEGURIDAD] Variante FALSO sobre: Rompiendo muros: narrativas fílmicas sobre las migraciones «irregulares» centroamericanas	FALSO	No se ha generado un texto desinformativo utilizable. Esta fila documenta de forma analítica cómo podría distorsionarse una pieza clasificada en VIGILANCIA DE FRONTERAS: Se afirma falsamente que se han retirado controles, abierto fronteras o perdido el control territorial sin base en el contenido original.	VIGILANCIA DE FRONTERAS	invención de fallos o aperturas fronterizas	Original: Rompiendo muros: narrativas fílmicas sobre las migraciones «irregulares» centroamericanas. Se afirma falsamente que se han retirado controles, abierto fronteras o perdido el control territorial sin base en el contenido original.	2020-05-28
[NO GENERADO POR SEGURIDAD] Variante MISLEADING sobre: Rompiendo muros: narrativas fílmicas sobre las migraciones «irregulares» centroamericanas	MISLEADING	No se ha generado un texto desinformativo utilizable. Esta fila documenta de forma analítica cómo podría distorsionarse una pieza clasificada en VIGILANCIA DE FRONTERAS: Se amplifican episodios o debates sobre frontera para transmitir una imagen de colapso permanente del control fronterizo.	VIGILANCIA DE FRONTERAS	exageración operativa	Original: Rompiendo muros: narrativas fílmicas sobre las migraciones «irregulares» centroamericanas. Se amplifican episodios o debates sobre frontera para transmitir una imagen de colapso permanente del control fronterizo.	2020-05-28
[NO GENERADO POR SEGURIDAD] Variante FALSO sobre: Las estrategias del conflicto en parejas mixtas: una aproximación a las percepciones mutuas entre personas españolas y marroquíes	FALSO	No se ha generado un texto desinformativo utilizable. Esta fila documenta de forma analítica cómo podría distorsionarse una pieza clasificada en CONVIVENCIA Y RACISMO: Se fabrican episodios de choque vecinal, discriminación o supuestos privilegios que no aparecen en la fuente.	CONVIVENCIA Y RACISMO	invención de conflictos sociales o bulos	Original: Las estrategias del conflicto en parejas mixtas: una aproximación a las percepciones mutuas entre personas españolas y marroquíes. Se fabrican episodios de choque vecinal, discriminación o supuestos privilegios que no aparecen en la fuente.	2024-04-09
[NO GENERADO POR SEGURIDAD] Variante MISLEADING sobre: Las estrategias del conflicto en parejas mixtas: una aproximación a las percepciones mutuas entre personas españolas y marroquíes	MISLEADING	No se ha generado un texto desinformativo utilizable. Esta fila documenta de forma analítica cómo podría distorsionarse una pieza clasificada en CONVIVENCIA Y RACISMO: Se reformula el contenido con términos alarmistas y confrontativos para presentar la diversidad o la convivencia como una amenaza cultural.	CONVIVENCIA Y RACISMO	uso de lenguaje emocional y polarización	Original: Las estrategias del conflicto en parejas mixtas: una aproximación a las percepciones mutuas entre personas españolas y marroquíes. Se reformula el contenido con términos alarmistas y confrontativos para presentar la diversidad o la convivencia como una amenaza cultural.	2024-04-09
[NO GENERADO POR SEGURIDAD] Variante FALSO sobre: La percepción social de la inmigración en el Área Metropolitana de València tras más de una década de políticas de integración / / / \ \ \ The social perception of immigration in the Metropolitan Area of Valencia after more than a decade of integration policies	FALSO	No se ha generado un texto desinformativo utilizable. Esta fila documenta de forma analítica cómo podría distorsionarse una pieza clasificada en CONVIVENCIA Y RACISMO: Se fabrican episodios de choque vecinal, discriminación o supuestos privilegios que no aparecen en la fuente.	CONVIVENCIA Y RACISMO	invención de conflictos sociales o bulos	Original: La percepción social de la inmigración en el Área Metropolitana de València tras más de una década de políticas de integración / / / \ \ \ The social perception of immigration in the Metropolitan Area of Valencia after more than a decade of integration policies. Se fabrican episodios de choque vecinal, discriminación o supuestos privilegios que no aparecen en la fuente.	2020-12-30
[NO GENERADO POR SEGURIDAD] Variante MISLEADING sobre: La percepción social de la inmigración en el Área Metropolitana de València tras más de una década de políticas de integración / / / \ \ \ The social perception of immigration in the Metropolitan Area of Valencia after more than a decade of integration policies	MISLEADING	No se ha generado un texto desinformativo utilizable. Esta fila documenta de forma analítica cómo podría distorsionarse una pieza clasificada en CONVIVENCIA Y RACISMO: Se reformula el contenido con términos alarmistas y confrontativos para presentar la diversidad o la convivencia como una amenaza cultural.	CONVIVENCIA Y RACISMO	uso de lenguaje emocional y polarización	Original: La percepción social de la inmigración en el Área Metropolitana de València tras más de una década de políticas de integración / / / \ \ \ The social perception of immigration in the Metropolitan Area of Valencia after more than a decade of integration policies. Se reformula el contenido con términos alarmistas y confrontativos para presentar la diversidad o la convivencia como una amenaza cultural.	2020-12-30
[NO GENERADO POR SEGURIDAD] Variante FALSO sobre: Por alusiones. Referencias personales a inmigrantes en grupos de discusión con españoles sobre la recuperación económica	FALSO	No se ha generado un texto desinformativo utilizable. Esta fila documenta de forma analítica cómo podría distorsionarse una pieza clasificada en CONVIVENCIA Y RACISMO: Se fabrican episodios de choque vecinal, discriminación o supuestos privilegios que no aparecen en la fuente.	CONVIVENCIA Y RACISMO	invención de conflictos sociales o bulos	Original: Por alusiones. Referencias personales a inmigrantes en grupos de discusión con españoles sobre la recuperación económica. Se fabrican episodios de choque vecinal, discriminación o supuestos privilegios que no aparecen en la fuente.	2022-09-02
[NO GENERADO POR SEGURIDAD] Variante MISLEADING sobre: Por alusiones. Referencias personales a inmigrantes en grupos de discusión con españoles sobre la recuperación económica	MISLEADING	No se ha generado un texto desinformativo utilizable. Esta fila documenta de forma analítica cómo podría distorsionarse una pieza clasificada en CONVIVENCIA Y RACISMO: Se reformula el contenido con términos alarmistas y confrontativos para presentar la diversidad o la convivencia como una amenaza cultural.	CONVIVENCIA Y RACISMO	uso de lenguaje emocional y polarización	Original: Por alusiones. Referencias personales a inmigrantes en grupos de discusión con españoles sobre la recuperación económica. Se reformula el contenido con términos alarmistas y confrontativos para presentar la diversidad o la convivencia como una amenaza cultural.	2022-09-02
[NO GENERADO POR SEGURIDAD] Variante FALSO sobre: La masculinidad “herida” y el voto a VOX entre jóvenes en situación de exclusión social en Zaragoza	FALSO	No se ha generado un texto desinformativo utilizable. Esta fila documenta de forma analítica cómo podría distorsionarse una pieza clasificada en CONVIVENCIA Y RACISMO: Se fabrican episodios de choque vecinal, discriminación o supuestos privilegios que no aparecen en la fuente.	CONVIVENCIA Y RACISMO	invención de conflictos sociales o bulos	Original: La masculinidad “herida” y el voto a VOX entre jóvenes en situación de exclusión social en Zaragoza. Se fabrican episodios de choque vecinal, discriminación o supuestos privilegios que no aparecen en la fuente.	2025-07-31
[NO GENERADO POR SEGURIDAD] Variante MISLEADING sobre: La masculinidad “herida” y el voto a VOX entre jóvenes en situación de exclusión social en Zaragoza	MISLEADING	No se ha generado un texto desinformativo utilizable. Esta fila documenta de forma analítica cómo podría distorsionarse una pieza clasificada en CONVIVENCIA Y RACISMO: Se reformula el contenido con términos alarmistas y confrontativos para presentar la diversidad o la convivencia como una amenaza cultural.	CONVIVENCIA Y RACISMO	uso de lenguaje emocional y polarización	Original: La masculinidad “herida” y el voto a VOX entre jóvenes en situación de exclusión social en Zaragoza. Se reformula el contenido con términos alarmistas y confrontativos para presentar la diversidad o la convivencia como una amenaza cultural.	2025-07-31
[NO GENERADO POR SEGURIDAD] Variante FALSO sobre: El uso de la traducción automática en las cuentas de Twitter® de los principales periódicos de Latinoamérica: una aproximación	FALSO	No se ha generado un texto desinformativo utilizable. Esta fila documenta de forma analítica cómo podría distorsionarse una pieza clasificada en POLÍTICA Y LEYES: Se inventa una reforma legal, acuerdo de gobierno o imposición institucional que el texto original no contiene.	POLÍTICA Y LEYES	atribución de decisiones políticas inexistentes	Original: El uso de la traducción automática en las cuentas de Twitter® de los principales periódicos de Latinoamérica: una aproximación. Se inventa una reforma legal, acuerdo de gobierno o imposición institucional que el texto original no contiene.	2021-02-02
[NO GENERADO POR SEGURIDAD] Variante MISLEADING sobre: El uso de la traducción automática en las cuentas de Twitter® de los principales periódicos de Latinoamérica: una aproximación	MISLEADING	No se ha generado un texto desinformativo utilizable. Esta fila documenta de forma analítica cómo podría distorsionarse una pieza clasificada en POLÍTICA Y LEYES: Se aíslan fragmentos sobre políticas o debates para insinuar cesiones, imposiciones o efectos extremos que el trabajo original no sostiene.	POLÍTICA Y LEYES	descontextualización normativa	Original: El uso de la traducción automática en las cuentas de Twitter® de los principales periódicos de Latinoamérica: una aproximación. Se aíslan fragmentos sobre políticas o debates para insinuar cesiones, imposiciones o efectos extremos que el trabajo original no sostiene.	2021-02-02
[NO GENERADO POR SEGURIDAD] Variante FALSO sobre: Inmigración internacional y sostenibilidad en pueblos pequeños. Retos y oportunidades económicas, ambientales y sociales en el Alt Empordà (Cataluña, España)	FALSO	No se ha generado un texto desinformativo utilizable. Esta fila documenta de forma analítica cómo podría distorsionarse una pieza clasificada en ECONOMÍA: Se convierte el análisis en una afirmación falsa sobre quiebra presupuestaria, hundimiento del PIB o coste masivo de la inmigración.	ECONOMÍA	invención de impacto económico extremo	Original: Inmigración internacional y sostenibilidad en pueblos pequeños. Retos y oportunidades económicas, ambientales y sociales en el Alt Empordà (Cataluña, España). Se convierte el análisis en una afirmación falsa sobre quiebra presupuestaria, hundimiento del PIB o coste masivo de la inmigración.	2022-01-12
[NO GENERADO POR SEGURIDAD] Variante MISLEADING sobre: Inmigración internacional y sostenibilidad en pueblos pequeños. Retos y oportunidades económicas, ambientales y sociales en el Alt Empordà (Cataluña, España)	MISLEADING	No se ha generado un texto desinformativo utilizable. Esta fila documenta de forma analítica cómo podría distorsionarse una pieza clasificada en ECONOMÍA: Se toman solo los datos económicos más favorables a una lectura alarmista y se omiten beneficios, límites metodológicos o contexto temporal.	ECONOMÍA	selección interesada de indicadores	Original: Inmigración internacional y sostenibilidad en pueblos pequeños. Retos y oportunidades económicas, ambientales y sociales en el Alt Empordà (Cataluña, España). Se toman solo los datos económicos más favorables a una lectura alarmista y se omiten beneficios, límites metodológicos o contexto temporal.	2022-01-12
[NO GENERADO POR SEGURIDAD] Variante FALSO sobre: Islas Chafarinas, frontera insular y nuevos retos de promoción turística	FALSO	No se ha generado un texto desinformativo utilizable. Esta fila documenta de forma analítica cómo podría distorsionarse una pieza clasificada en VIGILANCIA DE FRONTERAS: Se afirma falsamente que se han retirado controles, abierto fronteras o perdido el control territorial sin base en el contenido original.	VIGILANCIA DE FRONTERAS	invención de fallos o aperturas fronterizas	Original: Islas Chafarinas, frontera insular y nuevos retos de promoción turística. Se afirma falsamente que se han retirado controles, abierto fronteras o perdido el control territorial sin base en el contenido original.	2023-06-29
[NO GENERADO POR SEGURIDAD] Variante MISLEADING sobre: Islas Chafarinas, frontera insular y nuevos retos de promoción turística	MISLEADING	No se ha generado un texto desinformativo utilizable. Esta fila documenta de forma analítica cómo podría distorsionarse una pieza clasificada en VIGILANCIA DE FRONTERAS: Se amplifican episodios o debates sobre frontera para transmitir una imagen de colapso permanente del control fronterizo.	VIGILANCIA DE FRONTERAS	exageración operativa	Original: Islas Chafarinas, frontera insular y nuevos retos de promoción turística. Se amplifican episodios o debates sobre frontera para transmitir una imagen de colapso permanente del control fronterizo.	2023-06-29
[NO GENERADO POR SEGURIDAD] Variante FALSO sobre: Apuntes sociológicos de las inmigrantes suramericanas (Ecuador, Bolivia y Colombia) en Mallorca.	FALSO	No se ha generado un texto desinformativo utilizable. Esta fila documenta de forma analítica cómo podría distorsionarse una pieza clasificada en CONVIVENCIA Y RACISMO: Se fabrican episodios de choque vecinal, discriminación o supuestos privilegios que no aparecen en la fuente.	CONVIVENCIA Y RACISMO	invención de conflictos sociales o bulos	Original: Apuntes sociológicos de las inmigrantes suramericanas (Ecuador, Bolivia y Colombia) en Mallorca.. Se fabrican episodios de choque vecinal, discriminación o supuestos privilegios que no aparecen en la fuente.	2020-12-30
[NO GENERADO POR SEGURIDAD] Variante MISLEADING sobre: Apuntes sociológicos de las inmigrantes suramericanas (Ecuador, Bolivia y Colombia) en Mallorca.	MISLEADING	No se ha generado un texto desinformativo utilizable. Esta fila documenta de forma analítica cómo podría distorsionarse una pieza clasificada en CONVIVENCIA Y RACISMO: Se reformula el contenido con términos alarmistas y confrontativos para presentar la diversidad o la convivencia como una amenaza cultural.	CONVIVENCIA Y RACISMO	uso de lenguaje emocional y polarización	Original: Apuntes sociológicos de las inmigrantes suramericanas (Ecuador, Bolivia y Colombia) en Mallorca.. Se reformula el contenido con términos alarmistas y confrontativos para presentar la diversidad o la convivencia como una amenaza cultural.	2020-12-30
[NO GENERADO POR SEGURIDAD] Variante FALSO sobre: Vidas vivibles. Reivindicación del trabajo sexual en sus escenarios sociales de Iquique	FALSO	No se ha generado un texto desinformativo utilizable. Esta fila documenta de forma analítica cómo podría distorsionarse una pieza clasificada en TRABAJO: Se transforma el contenido en una acusación falsa sobre sustitución laboral, fraude en ayudas o privilegios de empleo inexistentes.	TRABAJO	invención de fraude laboral o privilegios	Original: Vidas vivibles. Reivindicación del trabajo sexual en sus escenarios sociales de Iquique. Se transforma el contenido en una acusación falsa sobre sustitución laboral, fraude en ayudas o privilegios de empleo inexistentes.	2020-08-27
[NO GENERADO POR SEGURIDAD] Variante MISLEADING sobre: Vidas vivibles. Reivindicación del trabajo sexual en sus escenarios sociales de Iquique	MISLEADING	No se ha generado un texto desinformativo utilizable. Esta fila documenta de forma analítica cómo podría distorsionarse una pieza clasificada en TRABAJO: Se resaltan precariedad, competencia o explotación de forma parcial para insinuar que la migración perjudica sistemáticamente a los trabajadores autóctonos.	TRABAJO	reformulación sesgada de conflicto laboral	Original: Vidas vivibles. Reivindicación del trabajo sexual en sus escenarios sociales de Iquique. Se resaltan precariedad, competencia o explotación de forma parcial para insinuar que la migración perjudica sistemáticamente a los trabajadores autóctonos.	2020-08-27
"[NO GENERADO POR SEGURIDAD] Variante FALSO sobre: La formación de la ""España inmigrante"""	FALSO	No se ha generado un texto desinformativo utilizable. Esta fila documenta de forma analítica cómo podría distorsionarse una pieza clasificada en POLÍTICA Y LEYES: Se inventa una reforma legal, acuerdo de gobierno o imposición institucional que el texto original no contiene.	POLÍTICA Y LEYES	atribución de decisiones políticas inexistentes	"Original: La formación de la ""España inmigrante"". Se inventa una reforma legal, acuerdo de gobierno o imposición institucional que el texto original no contiene."	2024-02-20
"[NO GENERADO POR SEGURIDAD] Variante MISLEADING sobre: La formación de la ""España inmigrante"""	MISLEADING	No se ha generado un texto desinformativo utilizable. Esta fila documenta de forma analítica cómo podría distorsionarse una pieza clasificada en POLÍTICA Y LEYES: Se aíslan fragmentos sobre políticas o debates para insinuar cesiones, imposiciones o efectos extremos que el trabajo original no sostiene.	POLÍTICA Y LEYES	descontextualización normativa	"Original: La formación de la ""España inmigrante"". Se aíslan fragmentos sobre políticas o debates para insinuar cesiones, imposiciones o efectos extremos que el trabajo original no sostiene."	2024-02-20
[NO GENERADO POR SEGURIDAD] Variante FALSO sobre: Metáforas y discriminación: la conceptualización de la comunidad LGTBIQ+ en el discurso político actual español	FALSO	No se ha generado un texto desinformativo utilizable. Esta fila documenta de forma analítica cómo podría distorsionarse una pieza clasificada en CONVIVENCIA Y RACISMO: Se fabrican episodios de choque vecinal, discriminación o supuestos privilegios que no aparecen en la fuente.	CONVIVENCIA Y RACISMO	invención de conflictos sociales o bulos	Original: Metáforas y discriminación: la conceptualización de la comunidad LGTBIQ+ en el discurso político actual español. Se fabrican episodios de choque vecinal, discriminación o supuestos privilegios que no aparecen en la fuente.	2024-12-19
[NO GENERADO POR SEGURIDAD] Variante MISLEADING sobre: Metáforas y discriminación: la conceptualización de la comunidad LGTBIQ+ en el discurso político actual español	MISLEADING	No se ha generado un texto desinformativo utilizable. Esta fila documenta de forma analítica cómo podría distorsionarse una pieza clasificada en CONVIVENCIA Y RACISMO: Se reformula el contenido con términos alarmistas y confrontativos para presentar la diversidad o la convivencia como una amenaza cultural.	CONVIVENCIA Y RACISMO	uso de lenguaje emocional y polarización	Original: Metáforas y discriminación: la conceptualización de la comunidad LGTBIQ+ en el discurso político actual español. Se reformula el contenido con términos alarmistas y confrontativos para presentar la diversidad o la convivencia como una amenaza cultural.	2024-12-19
