"Titular	Etiqueta	Cuerpo	Tema	URL	Fecha	Fuente	Fecha_extraccion";;;;;;;;;;;;;;;;;;;;;;;;;;;;;;;;;;
"Construir una política de inmigracion y asilo común ¿misión imposible?	VERDADERO	Han transcurrido más de veinte años desde que en el Consejo Europeo de Tampere de 1999 se pusiera en marcha el proyecto de construcción de una política de inmigración y asilo común. El principal objetivo era formular una política pública que fuera equilibrada y que permitiera la gestión de la inmigración legal, así como controlar los flujos migratorios irregulares a partes iguales. Además, todo ello estaría regido por el principio de solidaridad y la equidad en el reparto de la carga entre los Estados Miembros (EEMM). Los ejes sobre los que esta política debía construirse eran 1) la necesidad de un enfoque global en la cooperación con los países de origen y tránsito"; 2) el desarrollo de un sistema europeo común de asilo; 3) la importancia de garantizar un trato justo a los nacionales de terceros países residentes en la UE;" y 4) la gestión eficaz de los flujos migratorios. Aunque estas fueron las bases iniciales sobre las que se comenzó a construir, la evolución que ha seguido la política migratoria europea muestra asimetrías en la profundización entre los distintos pilares. Parte del contenido incorporado en Tampere ha quedado diluido en un magma de reproches y tensiones entre los gobiernos que ha impedido el avance en la dirección que marcaba la hoja de ruta original. La identificación de la migración como un fenómeno que constituía una amenaza para la sociedad de acogida ha marcado tanto el marco discursivo como la política europea. De este modo, la política migratoria ha pasado a engrosar el bloque de asuntos vinculados con la seguridad dejando de lado otras cuestiones imprescindibles para que, efectivamente, sea posible la construcción de una verdadera política de inmigración y asilo.	ASILO Y REFUGIO	https://doi.org/10.36852/2695-4427_2022_06.08	2022-03-23	Revista Diecisiete Investigación Interdisciplinar para los Objetivos de Desarrollo Sostenible	2026-02-23";;;;;;;;;;;;;;;;;;;;;;;;;;;;;;;
"Política migratoria colombiana 2010-2020: barreras emergentes y retos en educación	VERDADERO	Este artículo presenta una revisión documental de investigaciones sobre la política migratoria de Colombia y su impacto en la educación, en el periodo 2010-2020. El análisis de contenido identifica tres categorías clave: política migratoria y educación obligatoria";" barreras emergentes en educación obligatoria y retos en política migratoria y educación obligatoria. Esto demuestra el interés creciente por analizar el impacto de la migración desde Venezuela hacia Colombia en la educación primaria y secundaria. Cuantitativamente, las aportaciones científicas aumentan a partir de 2015, debido al incremento de flujos migratorios venezolanos, tratando problemáticas y retos políticos y educativos.	POLÍTICA Y LEYES	https://doi.org/10.11144/javeriana.m15.pmcb	2022-04-30	Magis Revista Internacional de Investigación en Educación	2026-02-23";;;;;;;;;;;;;;;;;;;;;;;;;;;;;;;;;
"DISCURSO POLÍTICO DE VOX SOBRE LOS MENORES EXTRANJEROS NO ACOMPAÑADOS	VERDADERO	""&lt";p&gt;El importante ascenso de Vox en el último año a nivel electoral ha contribuido a introducir nuevos discursos hasta el momento marginados en la agenda política de la opinión pública, siendo el discurso en contra de la inmigración y del islam bandera de esta organización a la hora de presentarse a nivel electoral. Coincide todo ello con que los Menores Extranjeros No Acompañados se han convertido en fuente de controversia política, debido a diferentes sucesos y a su situación política-legal. Por esto, atendiendo a este contexto, se propone estudiar el discurso de Vox sobre los MENAs en la red social Twitter durante el año 2019. Para ello, se utiliza la técnica de investigación cualitativa a través del análisis de discurso cuyo objeto de investigación es el discurso de Vox sobre los MENAs en Twitter durante el citado año. Los resultados de esta investigación arrojan tres argumentos tipo identificados en la aproximación de Vox a este fenómeno en esta red social: 1) “MENA” como parte de la deriva “progre”: Construyendo alternativa desde la “España Viva”. 2) Guerra al asistencialismo social universal: En defensa de un Estado Social nativista. 3) Cuestión de seguridad&lt;strong&gt;: &lt;/strong&gt;defender a nuestros barrios de los MENAs intrusos.&lt;/p&gt;&lt;div&gt;&lt;"img src=""""/index.php/inguruak/editor/viewMetadata/"""" alt="""""""" /&gt";&lt;/div&gt;"	INFANCIA	https://doi.org/10.18543/inguruak-69-2020-art04	2020-12-23	INGURUAK REVISTA VASCA DE SOCIOLOGÍA Y CIENCIA POLÍTICA	2026-02-23
La cobertura informativa de la inmigración en Televisión Española. El caso del barco Aquarius	VERDADERO	La presente investigación compara la cobertura informativa de La 1 de Televisión Española durante la llegada de las 626 personas rescatadas por el barco Aquarius en el mar Mediterráneo en 2018 con otros temas de inmigración, que se emitieron entre el 17 al 23 de junio de 2018. La investigación utiliza el análisis de contenido para revisar cinco aspectos: análisis temático, duración, fuentes utilizadas, terminología y decisiones periodísticas. Los resultados expresan que en la cobertura del Aquarius se utilizó un discurso empoderador, diferente de la tradicional cobertura de otros hechos migratorios marcados por la criminalización de estas personas. Sin embargo, se observa la escasa presencia de las personas migrantes como fuentes noticiosas. No se trabaja el testimonio en profundidad para conocer sus historias personales, sus motivaciones y anhelos.	HUMANITARIO	https://doi.org/10.5209/esmp.73744	2021-01-20	Estudios sobre el Mensaje Periodístico	2026-02-23
Periodistas en la frontera: análisis de su trabajo cubriendo informaciones de inmigración	VERDADERO	Este estudio analiza la cobertura mediatica de la inmigracion en Melilla, frontera terrestre entre Espana y Marruecos, y el papel que juegan periodistas y otros actores en la difusion de informacion sobre inmigracion. A traves de un trabajo en terreno, se analiza que tipo de profesionales de la informacion y medios estan presentes en los espacios fronterizos, cuales son las logicas que siguen los gabinetes de prensa institucionales a la hora de proveer informacion y cuales son las condiciones particulares en que se ejerce periodismo en un espacio de excepcionalidad juridica. Entre los resultados obtenidos, destacamos la predominancia de un mercado mediatico aparentemente diverso pero muy dependiente de la publicidad institucional, la relevancia de figuras como el activista o el periodista freelance en la emision de informacion diferenciada sobre inmigracion y las dificultades para trabajar que enfrentan periodistas ante la arbitrariedad y oscurantismo en el acceso a imagenes y datos.	VIGILANCIA DE FRONTERAS	https://recyt.fecyt.es/index.php/EPI/article/view/71973	2020-03-31	El Profesional de la Informacion	2026-02-23
Provocative insinuations	VERDADERO	En este artículo analizamos oracio-nes que, sin constituir explícitamente discurso de odio, no obstante transmiten un mensaje de odio. Por ejemplo, en el titular “Refugiado iraquí es condenado en Alemania por violar y asesinar una chica adolescente”, la presencia de “refugiado iraquí” no parece arbitraria. Al contrario, invita una inferencia racista en contra de los refugiados iraquíes. Argumentamos que estas inferencias no pueden ser descritas como slurs, términos neutros utilizados como insultos, dogwhistles o implica-turas conversacionales. En cambio, proponemos caracterizar estas inferencias como insinuacio-nes, concretamente insinuaciones provocativas, debido a que ninguna respuesta parece efectiva a la hora de bloquearlas. In this paper we analyse utterances that, without explicitly constituting hate speech, nevertheless convey a hateful message. For example, in the headline ‘Iraqi Refugee is convicted in Germany of raping and murdering teenage girl’, the presence of ‘Iraqi refugee’ does not seem arbitrary. To the contrary, it is responsible for inviting a racist inference against Iraqi refugees. We defend that these inferences cannot be described as slurs, ethnic or social terms used as insults, dogwhistles or conversational implicatures. Rather, we propose that these inferences are insinuations, specifically provocative insinuations, as no conversational response seems effective at blocking them.	CONVIVENCIA Y RACISMO	https://doi.org/10.6018/daimon.481891	2021-09-07	Daímon	2026-02-23
Análisis de los bulos sobre covid-19 desmentidos por Maldita y Colombiacheck: efectos de la infodemia sobre el comportamiento de la sociedad	VERDADERO	Los estudios actuales sobre los efectos de la desinformación se han centrado especialmente en la política, cuando las noticias falsas sobre salud son potencialmente más perjudiciales para el bienestar del consumidor que los bulos políticos. El ejemplo más evidente de ello es la actual situación de crisis generada por la pandemia del coronavirus. La Organización Mundial de la Salud alertó, en febrero de 2020, que existía otra pandemia asociada al coronavirus: la infodemia, es decir, la información falsa que circula sobre temas de salud y que tiene consecuencias directas en el bienestar de los ciudadanos. Para profundizar en el fenómeno de la infodemia originada por el coronavirus, el objetivo de esta investigación, de proyección internacional, es identificar los encuadres (media frames) que predominan en los bulos relacionados con la covid-19 (N = 708) detectados en las plataformas de verificación Maldita.es y Colombiacheck. Desde una perspectiva inductiva –metodología cualitativa–, se infirieron cinco encuadres para analizar este tipo de infodemia: “impacto”, “polarización”, “superremedios”, “causas” y “ciberanzuelo” (clickbait). Los resultados revelaron que el encuadre dominante es el “impacto”, que hace referencia a aquellos bulos que generan en la audiencia conductas relacionadas con el miedo y el desconcierto. En cierto sentido, estos resultados guardan su lógica, porque, teniendo en cuenta las características intrínsecas de los bulos que incluyen el encuadre “impacto”, esa desinformación induce en el usuario la necesidad urgente de alarmar o alertar a otros individuos.	SANIDAD	https://doi.org/10.5294/pacla.2022.25.1.7	2022-03-17	Palabra Clave	2026-02-23
Honduras 2019: persistente inestabilidad económica y social y debilidad institucional	VERDADERO	Este trabajo analiza el escenario en que se encontró Honduras durante el año 2019, a través de la revisión de indicadores económicos y de los acontecimientos sociales y políticos más relevantes acaecidos en el país centroamericano. El 2019 se distinguió por la persistencia o empeoramiento de problemas de larga data. En materia económica, los escasos avances resultan insuficientes para reducir los altos niveles de pobreza y desigualdad. En materia social, la violencia continúa como uno de los compromisos pendientes de la segunda administración de Juan Orlando Hernández. Mientras que en materia política la corrupción vuelve al centro del debate y no cesan los abusos de poder y las violaciones a los derechos humanos. Todos estos factores han aumentado el descontento social expresado en manifestaciones multitudinarias y provocado la emigración de miles de hondureños.	POLÍTICA Y LEYES	https://doi.org/10.4067/s0718-090x2020005000112	2020-01-01	Revista de ciencia política	2026-02-23
Grupos minoritarios en la ficción televisiva española: análisis de contenido y percepciones ciudadanas para la creación de un índice de diversidad	VERDADERO	El artículo analiza la diversidad de género, orientación sexual, nacionalidad y edad en las series de televisión españolas emitidas en prime time durante el año 2016 y el primer semestre de 2017. A partir de un análisis de contenido realizado a una muestra de más de 700 personajes se creó un índice de diversidad y se realizó una encuesta para analizar la percepción de la población. De este modo, en este trabajo se presentan los resultados de dos estudios, además de la creación de un índice elaborado ad-hoc. Una vez analizados los datos, se concluye que, en general, la diversidad mostrada en la ficción audiovisual española es baja (0,76 en una escala de 0-4), con diferencias importantes entre las series; sin embargo cuando los ciudadanos españoles fueron preguntados sobre este aspecto, expresaron estar ligeramente de acuerdo (2,16 en una escala de 0-4) en que las mujeres, los mayores de 65 años o la población LGBT+ estaban correctamente representados en la ficción, mientras que no se mostraron ni en acuerdo o desacuerdo con que el porcentaje de los personajes no nacionales se correspondiera con la realidad	CONVIVENCIA Y RACISMO	https://doi.org/10.7764/cdi.46.1739	2020-01-01	Cuadernos info	2026-02-23
El islam en el espacio público de los barrios multiculturales del sur de Europa: el caso de Lavapiés, Madrid	VERDADERO	Resumen: En las actuales sociedades plurales no confesionales, los grupos religiosos entienden el acceso al espacio público como un derecho a la ciudad. Este derecho legitima su condición de actores sociales, que traducen como visibilización en el espacio público y participación en la vida política del municipio, a través de diversas nociones vinculadas a la modernidad y la transparencia. Para explorar esta hipótesis, este artículo examina el caso de los musulmanes bangladeshíes del multicultural barrio madrileño de Lavapiés, el cual presenta semejanzas con otros barrios multiculturales de ciudades del sur de Europa como Lisboa o Roma: un barrio afectado por un acelerado proceso de gentrificación y turistificación. Se analizan las circunstancias en las que esta comunidad intenta acceder al espacio público, con el fin de lograr una mayor legitimación y reconocimiento, teniendo en cuenta las diferentes prácticas y discursos que se despliegan en determinados eventos y festividades.Abstract: In current nondenominational plural societies, religious groups understand access to public space as a right to the city. This right legitimizes their status as social actors, who are entitled to have a public life and to be recognized, through various notions linked to modernity and transparency. To explore this hypothesis, this article examines the case of Bangladeshi Muslims in Madrid’s multicultural neighborhood of Lavapiés, which has similarities with other multicultural neighborhoods in southern European cities, which has similarities with other multicultural neighbourhoods in southern European cities, such as Lisbon or Rome: a barrio affected by an accelerated gentrification and touristification process. It analyzes the circumstances through which this community attempts to access public space, in order to achieve further legitimization and recognition, by bringing into account the different practices and discourses displayed in specific events and festivities.	CONVIVENCIA Y RACISMO	https://doi.org/10.5944/rdh.41.2020.27939	2020-12-30	Revista de Humanidades	2026-02-23
La identidad del educador infantil desde las narrativas biográficas	VERDADERO	El trabajo presenta el análisis de 123 entrevistas semiestructuradas realizadas a profesionales de educación infantil de la región de Murcia (España), durante el curso 2019/2020, con la finalidad de identificar los factores que inciden en la construcción identitaria del docente.El contenido se trató de forma sistemática, cualitativa y cuantitativamente, siguiendo las fases de Cisterna (2005), midiendo la frecuencia de aparición de las categorías establecidas mediante triangulación. Los resultados muestran la relevancia de las experiencias de la infancia-adolescencia, la docencia con los alumnos, la formación permanente y la capacidad de adaptabilidad, en contraposición al paso por la universidad y los aspectos normativos.	INFANCIA	https://doi.org/10.11144/javeriana.m14.iein	2021-10-20	Magis Revista Internacional de Investigación en Educación	2026-02-23
Reflexiones sobre los delitos de odio y las víctimas especialmente vulnerables	VERDADERO	Los delitos de odio perpetrados por motivos de racismo, xenofobia, ideología, creencias religiosas, orientación sexual constituyen una realidad que se ha visto incrementada en un 45% desde el año 2013. Las cifras crecen exponencialmente mientras que quienes ostentan la posición de victimarios y de víctimas son cada vez más jóvenes, personas en situación de riesgo, y en general, todas aquellas que pertenecen a algún colectivo especialmente vulnerable. Este repunte, sumado al impacto de las tecnologías disruptivas y el amplio alcance de estas a la hora de generar un resultado dañino, han provocado una ingente preocupación en la sociedad global en cuanto al tratamiento jurídico penal así como procesal de este tipo de conductas.	CRIMINALIDAD	https://doi.org/10.25267/rejucrim.2023.i8.03	2023-01-01	Revista de Estudios Jurídicos y Criminológicos	2026-02-23
Educación Física, deporte e inmigración: analizando críticamente algunas posibilidades para Chile	VERDADERO	El presente artículo tiene por objetivo analizar críticamente las posibilidades que tienen la Educación Física (EF) y el deporte para facilitar los procesos de inclusión social en contextos escolares con presencia migrante. Para ello, se revisan diferentes antecedentes teóricos y empíricos, además de examinar la aplicación de algunos principios y propuestas al contexto chileno. Asimismo, se expone el importante potencial que tienen la EF y las actividades físico-deportivas en general para favorecer la construcción de relaciones sociales positivas entre estudiantes de diferentes culturas y nacionalidades. No obstante, también se describen los riesgos de utilizar este tipo de prácticas sin un sentido educativo, pudiendo derivar en conflictos de diferente índole y profundizar la discriminación. Por ello, se plantea la necesidad de avanzar hacia la consolidación de ambientes educativos interculturales que posibiliten la coexistencia de todas las identidades a partir del respeto mutuo, la equidad y el reconocimiento de la dignidad humana.	CONVIVENCIA Y RACISMO	https://doi.org/10.24197/aefd.0.2021.52-72	2021-11-23	Ágora/Ágora para la educación física y el deporte	2026-02-23
La inmigración a España a fines del siglo XX los que vienen a trabajar y los que vienen a descansar	VERDADERO	El artículo pasa revista a los recientes cambios que se han producido en las corrientes de migración internacional que afectan a España. El agotamiento de la corriente emigratoria española (1973-1975 para las salidas y 1976-1980 para el retorno) ha cedido el paso a la consolidación de un conjunto de flujos inmigratorios procedentes de diferentes áreas (Europa, Latinoamerica, Norte de africa) y que responden a distintos factores de expulsión y atracción.-- ademas del flujo de inmigración laboral procedente del sur que llega a los paises europeos, España esta recibiendo un nuevo flujo migratorio desde el norte y centro de Europa que responde a factores de ocio. Este nuevo flujo pone en relación los procesos de envejecimiento de las poblaciones de estos paises con los sistemas de prestaciones sociales vigentes hasta la fecha, que garantizan a los jubilados el mantenimiento de la capacidad adquisitiva necesaria para afrontar economicamente estos desplazamientos.	TRABAJO	https://doi.org/10.5477/cis/reis.71-72.225	2024-03-07	Revista Española de Investigaciones Sociológicas	2026-02-23
Las iglesias ortodoxas entre lo global, lo nacional y lo transnacional: apuntes sobre el caso español	VERDADERO	El caso de las iglesias ortodoxas y orientales en España resulta paradigmático para comprender la incidencia de los movimientos migratorios y las diásporas transnacionales sobre las particularidades nacionales de los distintos patriarcados presentes, que en la esfera pública se interrelacionan en mayor o menor grado en un contexto marcado por el pluralismo religioso, la aconfesionalidad del Estado y la libertad religiosa consagrada como derecho fundamental. El objetivo general del artículo es, a partir del convulso panorama internacional generado por conflictos como el ruso-ucraniano, analizar la interacción actual de estas iglesias y sus principales dinámicas al hilo de los flujos migratorios transnacionales, tales como el aumento de los números de fieles y de templos y los cambios en las estructuras eclesiásticas de representación e interlocución pública. Para ello, el abordaje metodológico del trabajo atenderá a distintos casos representados por iglesias nacionales, como la rumana y la rusa; “autóctonas”, casos de la Iglesia Ortodoxa Española y de la Iglesia Ortodoxa Hispánica; y pan-ortodoxas, como la griega; además de un conjunto de iglesias “recién llegadas” que, por el momento, cuentan con un menor volumen y grado de implantación.	CONVIVENCIA Y RACISMO	https://doi.org/10.4067/s0718-47272020000100041	2020-06-30	Cultura y religión	2026-02-23
Reto demográfico, migración y arraigo de los jóvenes rurales	VERDADERO	La preocupación sobre la pérdida de población rural ha hecho que los estudios apenas aborden la cuestión de quiénes son los que llegan, los denominados de forma genérica nuevos residentes. Con este propósito, contextualizaremos brevemente la cuestión del poblamiento rural en cuanto ciclos de poblamiento y despoblamiento y destacaremos algunos de los cambios poblacionales acaecidos en las zonas rurales en los últimos años a partir de los datos de la Estadística de Variaciones Residenciales y los Padrones Continuos. En este recorrido nos detendremos en un grupo clave los jóvenes adultos, también denominados tardo-jóvenes. El seguimiento de las tendencias migratorias de este grupo resulta crucial para la comprensión del reto demográfico y de vulnerabilidad al que se enfrentan las áreas rurales. Los principales resultados señalan que la falta de jóvenes tiene que ver con las tendencias de la fecundidad y que precisamente, según desvelan los datos de las series censales y padronales, los flujos migratorios generan saldos positivos para los grupos de jóvenes rurales -tanto por la llegada de jóvenes urbanos como por la entrada de población joven extranjera- a la vez que se incrementa la diversidad poblacional por origen. Sin embargo, estos flujos son incapaces de trastocar el sobre-envejecimiento rural. Finalmente, después del análisis abriremos el debate sobre la capacidad de las áreas rurales para favorecer el arraigo de la diversidad de procedencia de nuevos residentes, cuestión muy relevante a la hora de repensar el proceso de políticas de sostenibilidad social de las áreas rurales.	TRÁMITES DE EXTRANJERÍA	https://doi.org/10.22325/fes/res.2023.205	2024-01-09	Revista Española de Sociología	2026-02-23
Los estudiantes venezolanos en España: un colectivo migratorio cualificado afectado por el conflicto	VERDADERO	Sin constituir un flujo destacado por motivos económicos, los venezolanos han sido una de las nacionalidades más numerosas entre los estudiantes extranjeros en España desde el año 2000. Sin embargo, tras la agudización de la crisis política, estos flujos con destino a España, han cambiado cualitativa y cuantitativamente. Así, mientras constituyen el colectivo más numeroso entre los solicitantes de asilo, los estudiantes disminuyen. Este artículo aborda las consecuencias del conflicto sobre este colectivo migratorio cualificado	ASILO Y REFUGIO	https://doi.org/10.14201/alh.21958	2020-07-14	AMÉRICA LATINA HOY	2026-02-23
Metodología de atención a inmigrantes y refugiados políticos en instituciones de enseñanza no reglada de EL/2	VERDADERO	El presente artículo tiene como fin último la puesta al día y la plasmación de las diversas metodologías que las instituciones de enseñanza no reglada de E/L2 emplean con personas inmigrantes o refugiadas políticas. Para ello, hemos recogido muestras de siete instituciones a fin de esclarecer los componentes ideales necesarios para elaborar un diseño curricular futuro que aúne las ventajas de cada una de ellas. Las asociaciones analizadas que operan en territorio español son las siguientes: Cruz Roja, Cáritas, Accem, CEAR, RedAcoge, ASILIM y La Merced Migraciones.	ASILO Y REFUGIO	https://doi.org/10.37536/rr.1.2.2022.1844	2022-12-26	Recursos para el Aula de Español investigación y enseñanza	2026-02-23
Individuos políticamente descontentos con la democracia	VERDADERO	Este artículo analiza la relación existente entre derecha radical populista y apoyo a la democracia. Para ello, estudia el caso de VOX. En este sentido, la formación de Santiago Abascal, resulta particularmente interesante ya que encaja en la definición de derecha radical populista pero en su discurso, el radicalismo es mucho más fuerte que el populismo. Además, el partido presenta rasgos idiosincrásicos únicos y que juegan un papel fundamental a la hora de entender su voto. Así, por ejemplo, el nacionalismo se expresa a menudo mediante alusiones al período predemocrático en España sin adherirse explícitamente al franquismo. Dos son los principales resultados de este estudio. Por un lado, evaluando el discurso de VOX, especialmente su programa electoral, encontramos que sus líderes aluden recurrentemente a la España predemocrática tanto en temas concretos como en símbolos. En segundo lugar, mostramos que aquellos que expresan un menor apoyo al régimen democrático fueron más proclives a votar a VOX quea otras fuerzas políticas, al menos en las últimas elecciones generales de noviembre de 2019. Además, encontramos que los valores autoritarios, el descontento político y la idea romántica de un pasado glorioso, interactúan con el apoyo al régimen y ayudan a explicar el voto a VOX. Aunque sea necesario un estudio comparativo para evaluar más a fondo esta relación, este artículo puede dar una primera pista de que, haciendo hincapié en el pasado autoritario de su país, algunos partidos de la derecha radical populista consiguen éxito político movilizando a aquellos electores que están menos comprometidos con la democracia.	POLÍTICA Y LEYES	https://doi.org/10.5354/0719-3769.2022.69070	2022-12-20	Estudios Internacionales	2026-02-23
Entre la aceptación de la inmigración y la amenza identitaria. El reflejo en la prensa de los discursos políticos sobre la inmigración durante las elecciones al parlamento de España en abril de 2019	VERDADERO	Este trabajo estudia los discursos políticos que sobre la inmigración reflejaron una muestra de ocho periódicos de alcance nacional y regional durante el mes anterior a las elecciones generales celebradas el 28 de abril de 2019. El objetivo es analizar los discursos enunciados por los distintos actores políticos, prestando especial atención a los encuadres principales desde los que los medios y sus fuentes enfocan sus mensajes. Para el análisis de contenido realizado sobre las piezas seleccionadas, se han empleado encuadres de tipo identitario que califican las unidades de análisis a partir de su visión proactiva, reactiva o neutra hacia la inmigración. A partir de este análisis, se ha observado un escoramiento de los discursos sobre el asunto hacia posiciones más reactivas, especialmente de los partidos de centro-derecha, derivado posiblemente del mayor peso mediático del partido Vox, que ha hecho bandera de este tema. En la comparación entre diarios nacionales y regionales se observan matices que parecen tener más que ver más con su línea editorial que con su ámbito de difusión.	CONVIVENCIA Y RACISMO	https://doi.org/10.5209/esmp.70898	2021-01-20	Estudios sobre el Mensaje Periodístico	2026-02-23
Ideología, polarización afectiva y análisis del discurso	VERDADERO	The purpose of this paper is to explore atension and a desire. The tension is the onewe find between our ability to change ourmind, a crucial component of almost anyconception of progress, and the tendency weapparently show to cling to the core beliefsof the political identity we identify with ina particular context. In order to adopt moreinclusive positions and become better citizens,we would like to be able to detect andreplace our prejudices. And yet, we are dragged,sometimes against our better judgment,toward positions that we inherited from thosewith whom we share the things we careabout. Throughout this paper we wonderhow it is possible to intervene on this tensionin order to retain necessary aspects for bothtendencies. In particular, we explore how itis possible to intervene on this apparent problemby fulfilling a desire: we want to combatbad discourse with more discourse. Theintervention strategies devised to counteractthe negative effects of the rise of polarizationthat we develop are aimed at improving thequality of democratic deliberation. Deliberatingwith those whom we disagree withseems to us to be an essential democraticideal. In this sense, there is no progress withoutdisagreement.	POLÍTICA Y LEYES	https://doi.org/10.15366/bp2022.31.008	2022-12-19	Bajo Palabra	2026-02-23
Los tortuosos caminos de la migración venezolana en Sudamérica: tránsitos precarios y cierre de fronteras	VERDADERO	""Este artículo examina la reciente migración venezolana a Colombia, Perú y Ecuador, que son actualmente los destinos con el mayor número de presencia venezolana en la región sudamericana. El texto centra su análisis en dos características centrales de esta migración: la tendencia a mantener trayectorias migratorias con múltiples destinos y la precariedad laboral. Se sostiene que ambas dimensiones de la dinámica migratoria se relacionan con la crisis económica en los países de acogida y el progresivo endurecimiento de las políticas migratorias. Los movimientos de retorno que ha emprendido la población venezolana desde distintos lugares de América del Sur durante la pandemia de la covid-19 pueden explicarse también a partir de esas dinámicas.""""""	VIGILANCIA DE FRONTERAS	https://doi.org/10.35533/myd.1834.ghm.gcg	2020-05-30	Migración y Desarrollo	2026-02-23";;;;;;;;;;;;;;;;;;;;
"Horizontes educativos ante el auge de la “nueva extrema derecha” en Europa: Un análisis documental	VERDADERO	Ante la irrupción de la “nueva extrema derecha” europea, y la consolidación de su representación parlamentaria tanto en instancias europeas como específicamente nacionales de estos partidos, este artículo analiza las propuestas en materia de política educativa de cuatro de estas organizaciones políticas. De esta manera, la metodología empleada fue el Análisis Documental, tomando como objeto de estudio los programas electorales de Alternativa para Alemania (Alemania), Agrupación Nacional (Francia), Liga Norte (Italia) y VOX (España). Después de identificar los elementos comunes de estos partidos políticos, en pos de desarrollar la sistematización de los datos recogidos, se elaboró una matriz de análisis a partir de una exhaustiva revisión bibliográfica sobre la cuestión. Los resultados reflejan algunas líneas de convergencia entre las organizaciones de “nueva extrema derecha” en relación con el nacionalismo, al papel de la educación en la sociedad y su marcado carácter xenófobo y antiinmigración. De este modo, los resultados muestran que: (i) los cuatro partidos convergen al señalar que el sistema educativo debe perpetuar y legitimar la cultura hegemónica y reforzar la identidad nacional de sus ciudadanos";" (ii) a través de la neutralización del discurso, sin embargo, se esconde un marcado carácter antiinmigrante —específicamente anti–musulmán—, sirviéndose de la defensa de la seguridad nacional, la familia tradicional y las libertades nacionales. A partir de estos resultados, se puede concluir que existe una agenda política común en materia educativa entre los partidos de la “nueva extrema derecha” europea, la cual supone una seria amenaza para los sectores históricamente vulnerables, así como para la población inmigrante.	POLÍTICA Y LEYES	https://doi.org/10.14507/epaa.30.5486	2022-02-22	Education Policy Analysis Archives	2026-02-23";;;;;;;;;;;;;;;;;;;;;;;;;;;;;;;;;
"Política migratoria y securitización en la administración Trump (2017-2021)	VERDADERO	El proceso de securitización de las migraciones debe explicarse en un contexto general de crisis de la globalización y del orden liberal internacional. Son principalmente dos las visiones políticas actuales al respecto de la globalización y la movilidad: la posición globalista y la posición escéptica. En este escenario de crisis se está produciendo un auge de las políticas orientadas a la restricción de la libre circulación de las personas impulsadas por fuerzas de la derecha radical populista. Nos ocupamos en este estudio del proceso de securitización de la política migratoria de Estados Unidos durante la Administración Trump y, en particular, en las relaciones con México. Finalmente, analizamos el Pacto Mundial para una Migración Segura, Ordenada y Regular, firmado por Naciones Unidas en 2018, como alternativa de desecuritización de las políticas migratorias. Estudiamos los límites y las potencialidades de este acuerdo para la gobernanza global de las migraciones.	POLÍTICA Y LEYES	https://doi.org/10.14422/cir.i23.y2022.006	2022-04-27	Comillas Journal of International Relations	2026-02-23";;;;;;;;;;;;;;;;;;;;;;;;;;;;;;;;;;
"Comunicación y trata de personas en contextos de guerra. Caso de estudio del conflicto en Ucrania	VERDADERO	La trata de personas se ha convertido en un problema global, constituyendo uno de los negocios criminales más lucrativos del mundo según la Organización Internacional del Trabajo. Entre los factores que incrementan el riesgo de trata de personas, la guerra es una de las causas que generan un aumento en el número de víctimas. Este texto se centra en el conflicto presente en Ucrania, analizado desde el punto de vista de la comunicación, con la cobertura mediática que se ha dado por parte de los medios con presencia online en español, entendiendo la información como una herramienta ante esta lacra.	CRIMINALIDAD	https://doi.org/10.37467/revvisual.v10.4599	2023-02-01	VISUAL REVIEW International Visual Culture Review / Revista Internacional de Cultura Visual	2026-02-23";;;;;;;;;;;;;;;;;;;;;;;;;;;;;;;;;;
"Los desequilibrios geodemográficos en Canarias: una expresión de su especialización económica	VERDADERO	Canarias es actualmente la tercera comunidad autónoma con mayor densidad de población detrás de Madrid y País Vasco. Con casi 2,2 millones de habitantes, más una carga de 237 556 turistas/día, se articula un espacio fragmentado con una distribución de la población muy polarizada territorialmente, tanto a nivel regional como en cada isla. La dinámica común en todas ellas ha tendido a una litoralización creciente de las actividades económicas y residenciales, frente a un amplio espacio insular escasamente poblado. Este estudio pretende actualizar el análisis geodemográfico sobre la distribución de la población en Canarias, atendiendo a la relación economía-población. Se plantea que la creciente especialización de su economía en el sector terciario, con fuerte dependencia del turismo, ha profundizado el desequilibrio geodemográfica en las Islas. Para ello, se aplica una metodología apoyada en el manejo de la bibliografía, el análisis geoestadístico, datos económicos y la representación cartográfica del fenómeno analizado a distintas escalas.	ECONOMÍA	https://doi.org/10.21138/bage.3443	2024-01-03	Boletín de la Asociación de Geógrafos Españoles	2026-02-23";;;;;;;;;;;;;;;;;;;;;;;;;;;;;;;;;;
"El impacto de las políticas públicas sobre salud, vivienda y seguridad en los derechos de las mujeres que ejercen prostitución	VERDADERO	Este artículo analiza el impacto que tienen las políticas públicas sobre salud, vivienda y seguridad en el disfrute efectivo de estos derechos por parte de las mujeres que ejercen prostitución. Este hace un recuento de cuáles son las obligaciones adquiridas por nuestro país en el marco de los instrumentos internacionales de derechos humanos, para posteriormente analizar las políticas que las diferentes administraciones están desplegando. Asimismo, describe la situación específica de las mujeres que ejercen prostitución, visibilizando las brechas que existen en el disfrute de los mencionados derechos. Las tres políticas analizadas tienen graves carencias en cuanto al respeto, la realización y la protección de los derechos, que afectan de manera más contundente a los grupos más vulnerabilizados, entre ellos las mujeres que ejercen prostitución, pues son ellas quienes tienen mayor necesidad de un marco de políticas públicas amplio y protector para poder disfrutar de manera efectiva de sus derechos. La apuesta real por un enfoque de derechos humanos debe ser un elemento fundamental para el diseño e implementación de cualquier política pública que quiera abordar la prostitución de manera integral y desde una perspectiva abolicionista.	SANIDAD	https://doi.org/10.17502/mrcs.v10i1.523	2022-04-30	methaodos revista de ciencias sociales	2026-02-23";;;;;;;;;;;;;;;;;;;;;;;;;;;;;;;;;;
"Eneas del siglo XXI: narrativas de la crisis migratoria en el cómic publicado en España (2014-2019)	VERDADERO	La crisis migratoria que afecta a Europa desde 2014 es un tema de interés para de los medios de comunicación de los países que reciben un mayor número de migrantes, principalmente España, Italia y Grecia. En el tratamiento de este fenómeno abundan las propuestas periodísticas y las películas, quizás porque estos son medios de amplia difusión. Son aproximaciones estudiadas en el marco de la representación audiovisual de fenómenos sociales. Este artículo se fija en un medio menos atendido, el cómic, en un país, España, que solo en 2019 recibió más de 23.000 migrantes. Se han localizado 13 títulos, publicados entre 2014 y 2019, que reflejan la migración a través de historias que enfatizan conceptos como huida, frontera y encierro. Este trabajo analiza esas obras desde un punto de vista semiótico para definir la iconografía, la expresión literaria y las técnicas narrativas que se proponen para representar la migración.	HUMANITARIO	https://doi.org/10.24310/fotocinema.2020.vi21.10007	2020-07-24	Fotocinema Revista científica de cine y fotografía	2026-02-23";;;;;;;;;;;;;;;;;;;;;;;;;;;;;;;;;;
"Alfabetización audiovisual en español como L2 a través del cine para alumnado adolescente en inmersión	VERDADERO	Este estudio se enmarca en la lingüística aplicada a la adquisición del español como lengua de acogida en contextos de inmigración (Llorente, 2018, 2022), en concreto por parte de adolescentes escolarizados en inmersión. Entre las muchas opciones para el aprendizaje del español como lengua vehicular y para la integración social y académica de este colectivo (Nikleva, 2014), proponemos introducir la alfabetización audiovisual a través del cine en estas aulas de español como L2 de secundaria (Herrero and Vanderschelden, 2019). Así pues, los objetivos de este artículo son: (1) ofrecer al profesorado una plantilla de análisis de recursos cinematográficos para reconocer los materiales que desarrollan la conciencia intercultural y la alfabetización audiovisual";" (2) seleccionar un corpus de películas que puedan usarse en este contexto de inmersión y (3) aplicar la plantilla a dicho corpus para ver si las guías didácticas que las acompañan son apropiadas. Utilizamos para ello una metodología analítica, mediante un análisis cuantitativo del contenido, además de una valoración cualitativa de los matices relevantes no cuantificables (Martín Peris, 2022). El instrumento de investigación es una plantilla para el análisis crítico de material audiovisual (Contreras, 2023), aplicada a un corpus constituido por nueve películas y sus respectivas guías didácticas.	CONVIVENCIA Y RACISMO	http://dx.doi.org/10.30827/portalin.vivi.28686	2023-07-28	Porta Linguarum Revista Interuniversitaria de Didáctica de las Lenguas Extranjeras	2026-02-23";;;;;;;;;;;;;;;;;;;;;;;;;;;;;;;;;
"Indicadores de sostenibilidad urbana y procesos migratorios internacionales en ciudades intermedias: la vivienda y el espacio público en dos zonas urbanas de Temuco, Chile	VERDADERO	Resumen En la última década, Chile ha vivido un importante aumento de la migración internacional, lo que ha impactado de forma diferenciada en las distintas ciudades del país. En este marco, el objetivo del artículo es analizar la relación entre sostenibilidad urbana y condiciones de habitabilidad y usos del espacio urbano de la población migrante en una ciudad intermedia del sur de Chile (Temuco), buscando identificar los aspectos urbanos críticos que debieran abordarse para favorecer un desarrollo sostenible. Se identifican dos zonas urbanas de la ciudad y se comparan los datos de una encuesta sobre habitabilidad y espacio público dirigida a migrantes con algunos indicadores de sostenibilidad urbana recogidos en cuatro barrios correspondientes a ambas zonas. Los resultados muestran claras diferencias entre los sectores, tanto en las condiciones de vivienda y usos del espacio público de la población migrante, como en la ocupación del suelo y accesibilidad a áreas verdes en sus barrios, evidenciando la existencia de rasgos de insostenibilidad urbana que afectan la calidad de vida de los inmigrantes. Se concluye que es necesario recoger evidencia empírica acotada a barrios específicos para establecer correlaciones entre variables de sostenibilidad y migración que permitan desarrollar planificaciones urbanas pertinentes y sostenibles.	RECURSOS DE ACOGIDA	https://doi.org/10.1590/2175-3369.015.e20210398	2023-01-01	urbe Revista Brasileira de Gestão Urbana	2026-02-23";;;;;;;;;;;;;;;;;;;;;;;;;;;;;;;;;;
"Representación de los migrantes venezolanos en los medios de comunicación peruanos y su influencia en la opinión pública peruana en los años 2019-2020	VERDADERO	La migración venezolana no tiene precedentes en la historia de América Latina y, en especial, en el Perú (país con poca o nula experiencia en la recepción de personas migrantes). La migración venezolana trae consigo una reconfiguración social en el país de destino, en este caso, el Perú. Esto es muy importante de analizar desde la perspectiva de los medios de comunicación y su influencia en la opinión pública. El objetivo general de este artículo es conocer cómo son representados los migrantes venezolanos a través del diario Trome (diario de mayor consumo a nivel nacional) y cómo son percibidos los migrantes por la opinión pública peruana. La investigación es básica, pues nos permite conocer una realidad. Asimismo, es de corte exploratorio. En este estudio, se realizó una triangulación de datos. A fin de conocer cómo son representados los migrantes, se realizó un análisis de contenido del diario Trome"; asimismo, para conocer la opinión pública, se analizaron los comentarios de los consumidores de noticias de diferentes portales online; del mismo modo, para complementar este último punto, se realizó el análisis de una encuesta online dirigido a peruanos. Respecto de los resultados de esta investigación, se pudo observar que existen tres miedos recurrentes frente a la migración, los cuales «dan sentido» al discurso antimigratorio: miedo a la competencia por recursos económicos (principalmente trabajo); miedo a la inseguridad física (cultura delictiva a la que se le asocia al migrante);" y miedo a la pérdida de identidad nacional o cultural (al señalar a los venezolanos como los «otros» y muy distintos en costumbres a los peruanos.	CONVIVENCIA Y RACISMO	https://doi.org/10.14201/rea202213185217	2022-12-30	Revista Euroamericana de Antropología	2026-02-23";;;;;;;;;;;;;;;;;;;;;;;;;;;;;;
"cooperación educativa no universitaria entre España y Marruecos	VERDADERO	La cooperación educativa no universitaria ocupa un lugar importante en la agenda bilateral hispano-marroquí como lo refleja su tratamiento en las once Reuniones de Alto Nivel celebradas entre España y Marruecos así como por los convenios y tratados firmados entre ambas partes. Esta cooperación se concreta en el Programa de Enseñanza de la Lengua Árabe y la Cultura Marroquí (LACM) en los colegios españoles y en la enseñanza del español en Marruecos, tanto en el marco del sistema educativo nacional marroquí como en la red de centros educativos españoles en Marruecos. En este trabajo pretendemos realizar una radiografía de esta cooperación haciendo un balance de los diferentes programas y propuestas recogidas en las Reuniones de Alto Nivel.	POLÍTICA Y LEYES	https://doi.org/10.15366/reim2021.30.007	2021-06-28	Revista de Estudios Internacionales Mediterráneos	2026-02-23";;;;;;;;;;;;;;;;;;;;;;;;;;;;;;;;;;
"Análisis de la migración a través de la interfaz: Melilla, la frontera viva	VERDADERO	Para comprender el fenómeno de la migración indocumentada, se proponen como categorías de análisis el uso de las interfaces, entendidas como fronteras dinámicas abstractas"; los espacios, como construcciones que se dan a partir de la interacción social; los lugares, que tienen una carga significativa concreta;" y los límites, como aquello que supone barreras físicas-materiales. Para tal efecto, se analiza el caso de lo sucedido en Melilla el 24 de junio de 2022, cuando alrededor de 1700 personas intentaron acceder a territorio español saltando el puesto fronterizo del Barrio chino. Con este trabajo exploratorio, se plantea la posibilidad de aportar herramientas teóricas a los estudios de la migración para así reflexionar, desde otro enfoque, la complejidad inmersa en aquello que la compone. Esto tanto en cuestiones estratégicas, concebidas como la profesionalización de las medidas, como desde las tácticas, entendidas como aquellos pequeños quehaceres de lo cotidiano. Sobre todo, para tratar de entender los acontecimientos que se desbordan ante ciertas situaciones, pero que reflejan una cuestión que se vive diariamente por parte de las personas en tránsito migratorio.	VIGILANCIA DE FRONTERAS	https://doi.org/10.31009/hipertext.net.2022.i25.08	2022-11-29	Hipertext net Revista Académica sobre Documentación Digital y Comunicación Interactiva	2026-02-23";;;;;;;;;;;;;;;;;;;;;;;;;;;;;;;
"La inmigración en los titulares de Google Noticias	VERDADERO	Introducción: Google se ha convertido en un elemento prioritario en los procesos digitales de búsqueda de información. Este artículo estudia la imagen de la inmigración, a través de la prensa divulgada en Internet. Para ello, se centra en el titular de las noticias, dado que es lo primero que muestra Google Noticias antes de acceder a la información. Se analizan los encuedres noticiosos de los titulares siguiendo la escala de Encuadres Noticiosos de la Inmigración (ENI) propuesta por Igartua, Muñiz y Cheng (2005). El objetivo es determinar cómo los medios de comunicación online, a través de su posición de relevancia en Google, transmiten la imagen de la inmigración expresada en forma de relatos informativos.Método: Se elabora un análisis cualitativo del discurso de titulares de las noticias seleccionadas en diversos periódicos, y un análisis cuantitativo del estudio de frecuencias y co-ocurrencia de encuadres.Resultados: Los resultados señalan un predominio de construcciones narrativas con connotaciones negativas, difundidas en noticias que se encuentran en posiciones de relevancia en Google. Destaca el encuadre del relato informativo vinculado a las condiciones de vida. Discusión y/o Conclusión: Principales conclusiones obtenidosLos titulares de las noticias que facilita el motor de búsqueda Google Noticias a través de su algoritmo de relevancia utilizan en gran medida los encuadres establecidos por los autores Igartua, Muñiz, y Cheng, (2005) en su escala de Encuadres Noticiosos de la inmigración (ENI) utilizados principalmente para el análisis en prensa escrita. Sin embargo, se observa multiples titulares quedan fueran de estos encuadres.Los titulares que ofrece Google acerca de la inmigración y que muestra en posiciones de relevancia en su buscador presentan una imagen negativa de la inmigración, en la que además se observa una infrarrepresentación de la mujer inmigrante.	POLÍTICA Y LEYES	https://doi.org/10.25115/riem.v10i2.3775	2021-06-29	RIEM Revista internacional de estudios migratorios	2026-02-23";;;;;;;;;;;;;;;;;;;;;;;;;;;;;;;;;;
"Política migratoria en las islas Canarias: violaciones de derechos humanos durante la pandemia	VERDADERO	La inmigración irregular es un fenómeno complejo que desafía los conceptos de confinamiento y restricción al libre tránsito presentados por la pandemia. En ese sentido, 2020 fue un año particularmente agitado para los flujos migratorios de África a Europa. La ruta hacia las islas Canarias en España se reactivó luego de más de una década de baja actividad, llegándose a registrar 23 023 llegadas irregulares en 2020. Al igual que en otros territorios insulares europeos, como Lesbos o Lampedusa, Canarias cuenta con una limitada capacidad estatal de atención al inmigrante. La pandemia representa, entonces, un factor para la emigración masiva en el Magreb y África subsahariana, pero también es un factor para la violación de derechos humanos de los inmigrantes antes, durante y después de su llegada al archipiélago canario. En estas circunstancias, el Estado español está obligado a cumplir con el derecho internacional, comunitario y nacional en lo referente a los derechos fundamentales de las personas migrantes. Este artículo argumenta que España debe garantizar en todo momento la protección de la salud de los refugiados y solicitantes de protección internacional en los procedimientos legales de intervención, atención y detención. Asimismo, la aplicación de medidas sanitarias no exime al Estado de su obligación a brindar garantías como el acceso a la asistencia letrada, la libre circulación por todo el territorio, el respeto por los plazos de detención y el mantenimiento de las instalaciones de recepción	POLÍTICA Y LEYES	https://doi.org/10.18800/derechopucp.202202.002	2022-11-22	Derecho PUCP	2026-02-23";;;;;;;;;;;;;;;;;;;;;;;;;;;;;;;;;;
"La determinación de la edad. Obligaciones, praxis y estrategias de litigio para la efectiva protección de los derechos convencionales de los Menores Extranjeros No Acompañados	VERDADERO	El progresivo incremento del número de Menores Extranjeros No Acompañados (MENA) que llegan a España desde finales de la década de los ochenta, ha puesto en un brete a nuestras autoridades, que desde entonces debaten entre sus obligaciones tuitivas frente al menor y el necesario, aunque no siempre bien gestionado, control de fronteras. En una primera lectura, la normativa española en materia migratoria y de tutela del menor podría efectivamente calificarse de protectora. Sin embargo, la praxis nos viene demostrando desde hace años que su aplicación no siempre es conforme a los mandatos de la Convención sobre Derechos del Niño, ni al desarrollo que de la misma hace el Comité encargado de controlar su cumplimiento. Las críticas, muchas de ellas centradas en el procedimiento de determinación de la edad, son bien conocidas. Los informes y recomendaciones de instituciones y organizaciones, nacionales e internacionales, se han multiplicado desde que el colectivo de los MENA pasó a catalogarse como nuevo fenómeno migratorio. En todo caso, fue durante 2019 cuando el Comité de Derechos del Niño terminó de perfilar nuestros incumplimientos convencionales en materia de identificación del menor. El problema, una vez más, es delinear las estrategias de cumplimiento de unas resoluciones a las que, tradicionalmente, se les ha despojado de toda fuerza vinculante.El objetivo de este trabajo es doble. Por un lado, se pretende demostrar que a pesar de la apariencia protectora de nuestras normas jurídicas, su aplicación práctica está todavía muy lejos de cumplir con los estándares internacionales en materia de infancia. Con tal finalidad se analizan tanto los instrumentos regulatorios sobre el estatuto y el tratamiento de los MENA en España, como algunas de las últimas resoluciones del Comité de Derechos del Niño dictadas contra nuestro país en materia de determinación de la edad. Por otro lado, con el afán de contribuir a evitar futuros incumplimientos convencionales, y aunque sin olvidar las necesarias propuestas de reforma del sistema normativo, como posibles estrategias de litigio se apuntan el recurso a la doctrina de la res interpretata y una coherente implementación del controvertido control de convencionalidad. El mandato hermenéutico del artículo 10.2 de la Constitución española ha orientado la actuación del Tribunal Supremo en una reciente sentencia sobre un caso directamente vinculado con la insuficiente consideración de la documentación acreditativa de la identidad que presentan los menores migrantes que llegan solos a España. Por su parte, el propio Tribunal Constitucional ha avalado la práctica del control de convencionalidad por nuestros tribunales ordinarios. Sin obviar todas las matizaciones necesarias, la operatividad de ambas estrategias parece estar así fuera de toda duda.	INFANCIA	https://doi.org/10.5944/rdp.110.2021.30333	2021-03-20	Revista de Derecho Político	2026-02-23";;;;;;;;;;;;;;;;;;;;;;;;;;;;;;;;;;
"Reacciones y abordajes de las políticas educativas frente a los flujos migratorios: Una revisión en clave comparada de los casos de Chile y Cataluña	VERDADERO	Este artículo presenta los resultados de una investigación cuyo propósito fue explorar y analizar el proceso de configuración y situación actual de las políticas educativas para el alumnado extranjero en Chile y la Comunidad Autónoma de Cataluña. Desde un enfoque cualitativo, y a partir de un estudio documental en clave comparada, se edificó una visión integral del escenario de las políticas e instrumentos de acción pública para la escolarización del alumnado extranjero en ambos contextos. Los resultados muestran más contrastes que semejanzas. Entre las diferencias destacan los distintos procesos de configuración de estas acciones donde influyen la evolución del fenómeno migratorio y las características de sus sistemas políticos y educativos. También contrastan los ámbitos abordados por estas acciones y las formas en que se materializa la educación inclusiva para el alumnado extranjero. La semejanza más relevante es la incorporación de la educación inclusiva y educación intercultural como enfoques centrales de ambos sistemas educativos y de las acciones en favor de la escolarización de este alumnado. El valor del estudio en clave comparada radica en la mirada extensa, y profunda sobre el desarrollo de políticas educativas e instrumentos de acción pública para abordar el acelerado flujo migrante en los sistemas escolares.	CONVIVENCIA Y RACISMO	https://doi.org/10.14507/epaa.29.6257	2021-05-24	Education Policy Analysis Archives	2026-02-23";;;;;;;;;;;;;;;;;;;;;;;;;;;;;;;;;;
"La percepción de apoyo social de madres migrantes monoparentales latinoamericanas en Canarias	VERDADERO	El objetivo del estudio es conocer la percepción de apoyo social de madres monoparentales latinoamericanas en Canarias, identificando las fortalezas y debilidades de los sistemas de apoyo formal y de las redes de apoyo informal. A través de una metodología cualitativa se realizaron 3 entrevistas grupales donde participaron 10 madres. Las entrevistas fueron transcritas y analizadas con el software ATLAS ti 22 y los datos se agruparon en dos grandes constructos sistemas de apoyo formal y redes de apoyo informal con varios temas y subtemas en ellos. Del análisis del discurso en relación con el apoyo formal las madres expresaban necesidades de apoyo a la conciliación laboral, familiar y personal, de asesoría jurídica centrada en extranjería y facilidades de acceso al mercado laboral, enfatizando la escasa atención de los servicios sociales. Por otra parte, destacan positivamente la calidad de atención prestada por el resto de los agentes del sistema de apoyo formal. Respecto al apoyo informal se resalta la relevancia del apoyo familiar, de amistades y el vecindario para su bienestar y el de sus hijos e hijas. Por tanto, se concluye la necesidad de fortalecer los sistemas de apoyo formal, y la promoción de redes de apoyo informal. Para ello, se destaca el papel de la comunidad como herramienta inclusiva para el bienestar estas madres monoparentales destacando el papel del Trabajo Social.	RECURSOS DE ACOGIDA	https://doi.org/10.15257/ehquidad.2025.0011	2025-03-17	Ehquidad Revista Internacional de Políticas de Bienestar y Trabajo Social	2026-02-23";;;;;;;;;;;;;;;;;;;;;;;;;;;;;;;;;;
"La viabilidad demográfica de la España Rural	VERDADERO	En este artículo analizamos la demografía de los 4.925 municipios españoles que tenían menos de 1.000 habitantes en 2016, entidades que, por su escasa dimensión demográfica, muestran un mayor riesgo de despoblación. Realizamos un análisis de componentes principales (ACP) con 21 variables de naturaleza demográfica y geográfica. Posteriormente, construimos una tipología que identifica tres grupos de municipios, que revelan diversos grados de despoblación y para los que analizamos la evolución de su dinámica y estructura demográfica. Los resultados muestran las grandes dificultades de supervivencia demográfica futura de un amplio número de entidades municipales de los sectores rurales españoles.	ECONOMÍA	http://dx.doi.org/10.32796/ice.2023.931.7610	2023-06-29	ICE Revista de Economía	2026-02-23";;;;;;;;;;;;;;;;;;;;;;;;;;;;;;;;;;
"Marco institucional de la discriminación y tipos de inmigrantes en el mercado de trabajo en España	VERDADERO	""En este trabajo se propone, desde una perspectiva de las teorías de la segmentación del mercado de trabajo, el análisis del papel de las instituciones y las políticas de inmigración en el proceso de segmentación y la diferenciación de tipos de inmigrantes, según las oposiciones típicas que ocupan en dicho mercado. En el primer aspecto se incorpora el concepto """"marco institucional de la discriminación"""" para comprender el conjunto de instituciones que establecen las condiciones normativas de acceso de los inmigrantes al mercado de trabajo. En el segundo se propone la diferenciación de tres tipos diferentes de inmigrantes en el mercado de trabajo en España según su grado de integración en diferentes segmentos laborales: """"asentados"""", """"precarios"""" e """"indocumentados"""". Finalmente, se hace una estimación del volumen de cada uno de estos segmentos.""	TRABAJO	https://doi.org/10.5477/cis/reis.69.105	2024-03-08	Revista Española de Investigaciones Sociológicas	2026-02-23";;;;;;;;;;;;;;;;;;;;;;;;;;;;;;;;;;
"The Spanish of women inmigrated in contexts of no regulated and informal learning.	VERDADERO	La adquisición del español como segunda lengua es una cuestión que viene abordándose desde hace mucho tiempo, especialmente desde que los flujos migratorios transformaron las aulas de nuestras escuelas. El escenario multicultural que se ponía a partir de entonces delante del profesorado, hasta el momento habituado a grupos homogéneos en cuanto al idioma, hizo que el aprendizaje del español como lengua de acogida fuera la garantía, no solo del éxito académico, sino también de lograr la interculturalidad y la integración social. Ahora bien, muchas veces hemos olvidado la esencialidad que esta cuestión adquiría también entre la población adulta –sobre todo la femenina-, que ha ido adquiriendo el español en contextos no reglados e informales, la mayor parte de las veces marcados por la necesidad de supervivencia y las iniciativas personales. Este ámbito es el que nos va a interesar en esta aportación. Para ello, realizamos un estudio de caso en torno a la competencia comunicativa de dos informantes con este perfil, mediante la historia de vida y la entrevista focalizada. Analizaremos desde un punto de vista cualitativo cómo surge ese aprendizaje autónomo y espontáneo de la lengua meta y qué rasgos lo definen tanto en la escritura como en la oralidad.	CONVIVENCIA Y RACISMO	https://doi.org/10.30827/portalin.v0i34.16738	2020-09-15	Porta Linguarum Revista Interuniversitaria de Didáctica de las Lenguas Extranjeras	2026-02-23";;;;;;;;;;;;;;;;;;;;;;;;;;;;;;;;;;
"Diplomacias migrantes	VERDADERO	Ante los desafíos de la movilidad humana contemporánea es necesario pensar en la capacidad de agencia de los migrantes para defender sus derechos. Nuestro punto de partida es que es necesario ir más allá de la mirada estado-céntrica al analizar los activismos migrantes cuando en nombre de la soberanía y el interés nacional, los migrantes enfrentan entornos negativos que inhiben su libre movimiento. Con una perspectiva interdisciplinar, y en diálogo entre la sociología de la acción colectiva y la teoría diplomática, aquí proponemos la noción de diplomacias migrantes como una manera para abordar los activismos migrantes en Norteamérica, a partir de los activismos binacionales ante los procesos de deportación y retorno. En este análisis identificamos a los activismos binacionales, como proyectos cívicos posnacionales que buscan actuar aquí y allá, simultáneamente. Con un enfoque de estudio de casos múltiples usamos dos organizaciones binacionales de Norteamérica para evidenciar cómo operan este tipo de diplomacias migrantes.	POLÍTICA Y LEYES	https://doi.org/10.14422/mig.i48y2020.005	2020-04-16	Migraciones Publicación del Instituto Universitario de Estudios sobre Migraciones	2026-02-23";;;;;;;;;;;;;;;;;;;;;;;;;;;;;;;;;;
"Impacto de la inmigración en la sociedad receptora	VERDADERO	El artículo presenta un modelo para analizar el impacto de la inmigración teniendo encuenta los condicionantes materiales y los factores institucionales que inciden, mediatizados porlos medios de comunicación de masas, en tres dimensiones: la seguridad ciudadana, la identidadcultural y la competencia por los recursos, de la sociedad receptora. Si bien este modelo sediseñó para llevar a cabo el análisis comparativo del impacto de la inmigración en cuatro paísesdel sur de Europa (España, Grecia, Italia, Portugal), el presente artículo recoge los resultadosobtenidos para el caso español.	CONVIVENCIA Y RACISMO	https://doi.org/10.5477/cis/reis.90.131	2024-02-23	Revista Española de Investigaciones Sociológicas	2026-02-23";;;;;;;;;;;;;;;;;;;;;;;;;;;;;;;;;;
"La política migratoria de Marruecos como recurso de seguridad y diplomacia: equilibrios e intereses	VERDADERO	En 2013, el rey Mohamed VI anunció la Nueva Política Migratoria. Esta iniciativa supuso un cambio de paradigma en la gobernanza de la migración en Marruecos porque aportó una perspectiva no exclusivamente securitizada del fenómeno migratorio y definió a Marruecos como país de destino. Pensada como una política desde África y para África, tuvo implicaciones relevantes para la cooperación migratoria de Marruecos con la UE y con los países africanos. El tiempo ha demostrado que este es un equilibrio muy difícil de mantener. Analizamos las motivaciones de Marruecos con esta política, sus resultados y sus efectos en el panorama internacional.	POLÍTICA Y LEYES	https://doi.org/10.15366/reim2023.35.011	2023-12-21	Revista de Estudios Internacionales Mediterráneos	2026-02-23";;;;;;;;;;;;;;;;;;;;;;;;;;;;;;;;;;
"Huida, cimarronaje y santuario: genealogías críticas para deseurocentrar la historia del refugio en el Atlántico Negro	VERDADERO	Este artículo traza una genealogía de la migración forzada y de las prácticas de santuario, partiendo de la experiencia colonial del cimarronaje en las Américas y el Caribe, la cual abarcó casi cuatro siglos de resistencia a la institución de la esclavitud. A través de una revisión de literatura histórica, arqueológica y antropológica sobre rutas de huida y asentamientos cimarrones, por un lado, y de literatura etnográfica y periodística sobre tránsitos, campamentos y protestas migrantes, por el otro, el artículo destaca distintas resonancias entre los dos fenómenos, relativas a la producción de espacios autónomos, subjetividades racializadas, geografías legales y disputas jurídicas. El cimarronaje se presenta como referencia alternativa e innovadora para des-eurocentrar la historia del refugio y abrir la imaginación antropológica, en particular repensando la cuestión del santuario lejos del Estado, y centrándose, en cambio, en las prácticas de solidaridad con y entre migrantes que huyen de opresiones políticas, económicas y sociales.	ASILO Y REFUGIO	https://doi.org/10.1344/sn2022.26.36875	2022-07-01	Scripta Nova Revista Electrónica de Geografía y Ciencias Sociales	2026-02-23";;;;;;;;;;;;;;;;;;;;;;;;;;;;;;;;;;
"Inmigración, Derechos Humanos y Modelos Europeo de fronteras Propuestas conceptuales sobre ""extraterritorialidad"", ""desterritorialidad"" y ""externalización"" de controles y flujos migratorios	VERDADERO	Las avalanchas migratorias y crisis de refugiados en Europa desde 2015 han motivado una preocupación creciente sobre el respeto de los valores europeos y los Derechos humanos en la actuación de la UE y los Estados miembros al afrontar flujos migratorios y controles de acceso al territorio europeo en las fronteras exteriores. Este trabajo comprueba cómo las líneas fronterizas son lugares problemáticos para la defensa, aplicación y protección de derechos humanos de los extranjeros, provocando lo que denominamos la fragilidad de los Derechos humanos en las Fronteras Exteriores aéreas, terrestres y marítimas de la UE.&#13";\n&#13;\nEstamos ante un cambio en la concepción misma de la frontera en esta era pos-globalización, donde determinadas funciones se deslocalizan y se sitúan sistemáticamente fuera del territorio y los puestos fronterizos de los Estados. Sin embargo, las actuaciones territoriales y extraterritoriales deben diferenciarse de las que se producen en actividades de acción exterior en o con terceros Estados a fines de política de inmigración y control de flujos migratorios. La realidad es que se ha configurado para los flujos migratorios un nuevo espacio fronterizo al sur y este del mediterráneo, que necesita una nueva política de fronteras exteriores para este área. Por ello debemos reflexionar sobre nuevos espacios e imaginarios fronterizos, con nuevos conceptos y enfoques de la frontera que aporten otros parámetros de actuación hacia los flujos migratorios y los controles exteriores&#13;\n&#13;\nPor otra parte, se analiza la protección de los derechos humanos por los Estados europeos mas allá de las fronteras exteriores, para determinar en qué medida las funciones de control que se despliegan fuera del territorio afectan a los derechos humanos de los inmigrantes. Para ello diferenciamos entre las situaciones de Externalizacion, donde los que actúan son Estados terceros; y de actuación Extraterritorial de controles migratorios donde intervienen agentes de Estados europeos. Ambas plantean problemáticas de protección de derechos humanos en controles migratorios fuera de territorio terrestre o marítimo de los Estados miembros de la UE, en los que concebimos como funciones desterritorializadas de control fronterizo. Y ambas deben tener en nuestra opinión diferenciados mecanismos de seguimiento, control y supervisión del respeto de los derechos humanos en las funciones de control de inmigración.&#13;\n&#13;"\nEl respeto de derechos humanos de los extranjeros en los controles fronterizos es una cuestión vital para la identidad, valores y pervivencia de la integración europea.	VIGILANCIA DE FRONTERAS	https://doi.org/10.25267/rejucrim.2020.i2.07	2020-01-01	Revista de Estudios Jurídicos y Criminológicos	2026-02-23";;;;;;;;;;;;;;;;;;;;;;;;;;;
"De indígenas a “ciudadanos”. Incorporación al Estado-Nación desde la prensa (Pampa y Patagonia, 1880-1930)	VERDADERO	En este trabajo damos cuenta de nuestra “hoja de ruta” en el marco de la realización de la Beca Juan Calfucurá en la Biblioteca Nacional Mariano Moreno (Buenos Aires, República Argentina). Desde nuestras disciplinas- Antropología e Historia- nos propusimos rastrear el proceso de “homogeneización” y “argentinización” de las poblaciones indígenas de Pampa y Patagonia expresado en la prensa durante el período 1880-1930. Elegimos esas décadas dado que las consideramos fundamentales para la construcción y consolidación de la matriz Estado, Nación y Territorio. Las imágenes confeccionadas sobre los indígenas y su negación en tanto actores sociales de aquel presente y sujetos de derecho, fueron constitutivas de una identidad nacional restringida en la que el estereotipo de ciudadano era el “criollo”. Por eso, nos propusimos analizar las representaciones de la Pampa y Patagonia como “desierto” y la construcción de la imagen del indígena como “otro” en el imaginario. Asimismo, examinamos la conformación e imposición de un estereotipo de “ciudadano criollo” como relato dominante. En estos constructos pudimos rastrear los cimientos de los argumentos ideológicos que sirvieron como sustento a políticas concretas y persistentes en nuestros días orientadas a negar los derechos de los pueblos indígenas que incluso ponen en duda su existencia.	POLÍTICA Y LEYES	https://doi.org/10.63207/tefros.v23n2.a5	2025-07-30	Revista TEFROS	2026-02-23";;;;;;;;;;;;;;;;;;;;;;;;;;;;;;;;;;
"Retorno al sur, desconcentración metropolitana y nuevos flujos migratorios en España	VERDADERO	&#x0D"; &#x0D; Las migraciones internas en España experimentan en la década de los ochenta importantes cambios que afectan tanto al volumen de los flujos, que se reducen claramente, como a su estructura interna (edad, profesiones, etc.) y a la matriz de origen-destino de los migrantes. Junto a la creciente importancia de los movimientos a corta distancia se distinguen tres procesos simultáneos: periurbanización, retornos de antiguos migrantes, y consolidación de nuevas áreas de atracción; el peso de cada uno de éstos varía a lo largo de la década en función de la coyuntura económica.&#x0D; &#x0D;"	POLÍTICA Y LEYES	http://dx.doi.org/10.5477/cis/reis.63.123	2024-03-12	Revista Española de Investigaciones Sociológicas	2026-02-23";;;;;;;;;;;;;;;;;;;;;;;;;;;;;
"Crónica de la desescalada: el final de los ERTES COVID y el retorno a la normalidad laboral	VERDADERO	La crisis sanitaria provocada por la COVID-19 ha obligado al Derecho del Trabajo español a realizar un notable esfuerzo, diseñando un conjunto de medidas dirigido a facilitar el confinamiento de los ciudadanos a la vez que se limitan los efectos negativos de este sobre la economía y el empleo. El instrumento fundamental para ello ha sido el expediente de regulación temporal de empleo, una figura ya conocida en nuestro Derecho que ha sido rediseñado para ser utilizado en este contexto tan difícil y sin precedentes. Una vez superado el estado de alarma, e iniciado el proceso de retorno a la normalidad, ha hecho falta aprobar un conjunto de disposiciones que faciliten la terminación de estos ERTES especiales del COVID. Estas disposiciones recogen acuerdos previos de los interlocutores sociales que han asumido un marcado protagonismo en la gestión de este proceso.	TRABAJO	http://doi.org/10.12795/tpdm.2020.i1.05	2020-01-01	Trabajo persona derecho mercado Revista de estudios sobre ciencias del trabajo y protección social	2026-02-23";;;;;;;;;;;;;;;;;;;;;;;;;;;;;;;;;;
"Propuesta metodológica para la descomposición y el análisis de contenido del discurso periodístico	VERDADERO	In this article we reflect an empirical methodology oriented to the journalistic discourse analysis. For this reason, we present the treatment of the discourse referring to a media event in the city of Ceuta: the massive jump of the fence located at the border crossing of the city, carried out on July 26, 2018 by 602 migrants. In this sense, we create a corpus with the articles published the week of the jump and, and we carry out a language analysis in context through the automatic processing of the data using the AntConc program. Subsequently, we apply the methodology of “Topology of Discourse”, with the aim of reflecting the conceptual notions which the event is described with, emphasizing the vinculation that occurs between migrants and the implication of a violent attitude during the jump. In this sense, after a quantitative and qualitative treatment of the corpus, we reached different conclusions, among which we can highlight the identification of the discursive bases used daily to describe and make reference to numerous aspects of the jump in particular and the migratory phenomenon in general, as well as the relationship between the time frame and the notoriety of certain topics that have arisen during the week of the jump.	POLÍTICA Y LEYES	http://dx.doi.org/10.25267/pragmalinguistica.2023.i31.2	2023-01-01	Pragmalinguistica	2026-02-23";;;;;;;;;;;;;;;;;;;;;;;;;;;;;;;;;;
"Sociedades pluriculturales y administraciones locales: inmigración, diversidad y convivencia en las ciudades. Reflexiones jurídicas	VERDADERO	Sociedades pluriculturales y administraciones locales: inmigración, diversidad	CONVIVENCIA Y RACISMO	http://dx.doi.org/10.61521/cuadernosderecholocal.11.261	2023-08-01	Cuadernos de Derecho Local	2026-02-23";;;;;;;;;;;;;;;;;;;;;;;;;;;;;;;;;;
"Hacia un concepto operativo de frontera. Nuevos dispositivos legales y sus efectos en el cuerpo migrante	VERDADERO	[SPA] El trabajo desarrollado se centra en el análisis de las consecuencias espaciales que ha&#13";\nsufrido el territorio europeo a raíz de un cambio topológico en la noción de frontera y su&#13;\nrelación con el cuerpo migrante.&#13;\nNo podemos seguir entendiendo la frontera como la línea o división abstracta separadora de&#13;\ndos territorios, sino como un mecanismo mucho más complejo en el que diferentes realidades&#13;\nse superponen simultáneamente, donde el elemento físico, el muro, se ha reducido a un&#13;\nelemento simbólico. La puesta en crisis de la soberanía del Estado hace que sus límites se&#13;\ndiluyan y den paso a nuevos dispositivos fronterizos. La frontera se ha convertido en un&#13;\norganismo potencialmente presente en el territorio en el que se inserta, que lo ha estructurado&#13;\nde tal manera que no hay lugar que se libre de su ámbito de actuación. Europa es su propia&#13;\nfrontera.&#13;\nLa investigación se centra en los mecanismos, de corte legal, implantados por la Unión&#13;\nEuropea y que han ido definiendo desde diferentes planos de actuación tanto la frontera como&#13;\nel territorio europeo, tomando como punto de partida la firma del Acervo de Schengen en 1985&#13;\ny extendiéndose hasta la actualidad. Este material de trabajo ha permitido explicar los&#13;\nfenómenos simultáneos de refuerzo, desmaterialización y externalización que ha ido sufriendo&#13;\nla frontera europea y su aplicación práctica sobre el cuerpo del migrante y del ciudadano,&#13;\npermitiendo establecer una serie de tendencias de lo que puede llegarse a convertir en los&#13;\naños venideros.&#13;\n[ENG] The following research focuses on the analysis of the spatial consequences that European&#13;\nterritory has suffered due to a topological change in the Frontiere notion and its relations with&#13;\nthe migrant body.&#13;\nWe cannot keep understanding border as an abstract line or division which is separating two&#13;\nterritories, we must think borders as a much more complex mechanism in which different&#13;\nrealities are simultaneously overlapped. As a consequence the physical boundary element is&#13;\nreduced to a purely symbolic condition.The sovereignty crisis of the State is causing the&#13;\ndissolution of its limits, conceiving new border-devices. Border has become an potentially present organism in the territory in which is inserted, and it has been structured in a way that&#13;\nthere is no place to be free from its scope. Europe has become his own Border.&#13;\nThe investigation is focused in the legal mechanisms configured by European Union which&#13;\nhave defined, from different areas, both Border and territory. This material has allowed to&#13;\nexplain the simultaneous phenomenons of reinforcement, dematerialization and externalization&#13;\nof the European borders and its practical (both legal and executive) application onto the&#13;\nmigrant and citizen body; this condition allowed us to establish a set of patterns and trends&#13;"\nwhich could potentially be reached in the following years.	VIGILANCIA DE FRONTERAS	http://dx.doi.org/10.31428/10317/10789	2024-03-04	OpenAlex	2026-02-23"
"Fronteras cotidianas: intersecciones de espacios de exclusión y resistencia en una experiencia de migración desde América del Sur	VERDADERO	El presente trabajo tiene como objetivo reflexionar sobre los espacios de actividad cotidiana como generadores de exclusión y a la vez como disparadores para el desarrollo de la agencia y la transformación social y colectiva en contextos de migración. Las categorías de legitimidad creadas por las fronteras internacionales generan una brecha en el acceso a derechos de ciudadanía. Sin embargo, es en la interacción cotidiana donde con mayor amplitud se ponen de manifiesto una serie de fronteras simbólicas que dificultan la integración de la población migrante, más acentuado aun en el caso de las mujeres. A través del caso de Galdys, una mujer cuya experiencia migratoria involucra un viaje desde Perú hasta España, trataremos de ilustrar nuestro argumento y profundizaremos sobre los espacios de interacción a los que tiene acceso y cómo se generan una serie de fronteras simbólicas que modifican las relaciones entre las personas que habitan un territorio. Estas fronteras se superponen, creando un tejido de intersecciones que si bien empujan hacia la exclusión social y el aislamiento, también suponen un espacio de desarrollo de la agencia. Concretamente, en el caso que presentamos en este trabajo, la experiencia fluctúa entre el ser considerada prescindible y a la vez ser una pieza fundamental para el sistema económico y social a través de los cuidados. Esta tensión se resuelve mediante el activismo y la reconfiguración de roles y prácticas. De esta forma nos invita a repensar el privilegio y el poder como procesos dinámicos y la capacidad de agencia individual, pero también comunitaria, como motor de la transformación política y social.	VIGILANCIA DE FRONTERAS	https://doi.org/10.46661/ambigua.6077	2021-12-14	Ambigua Revista de Investigaciones sobre Género y Estudios Culturales	2026-02-23";;;;;;;;;;;;;;;;;;;;;;;;;;;;;;;;;;
"La inmigración suiza y el surgimiento de una red vinculada a la yerba mate en Misiones, Argentina: un abordaje a partir de la microhistoria (1919-1929)	VERDADERO	El presente artículo centra su atención en las migraciones suizas durante la década de 1920 y tiene como objetivo analizar la figura del profesor Andreas Sprecher von Bernegg como nexo fundamental para la conformación y articulación de una red migratoria vinculada a la yerba mate, “el oro verde”. A partir del abordaje microhistórico y prosopográfico, la metodología empleada es esencialmente cualitativa con análisis de fuentes obtenidas de archivos particulares y estatales, memorias de inmigrantes, relatos de viajeros y entrevistas para la creación de fuentes orales y entrevistas etnográficas. La llegada de sus alumnos al territorio de Misiones fue fundamental para transformar la economía local y propiciar el pasaje de una economía extractiva a una productiva en torno al cultivo de la yerba mate, con la visión de que prime la calidad más que la cantidad.	POLÍTICA Y LEYES	http://dx.doi.org/10.33679/rmi.v1i1.2784	2024-03-15	Migraciones internacionales	2026-02-23";;;;;;;;;;;;;;;;;;;;;;;;;;;;;;;;;;
"Andragogía: un límite al edadismo (la Generación Siglo 20/21 un modelo de referencia)	VERDADERO	A pesar de encontrarnos en pleno siglo XXI, aún se mantienen los estereotipos vejatorios sobre la edad de los seres humanos que han dado lugar al neologismo “edadismo”. Frente a lo cual se impone la necesidad de un cambio de paradigma, que se apoye en las instituciones y en las normas jurídicas, con el fin de poder reivindicar los derechos y el respeto a los mayores. En este sentido, se hacen necesarios proyectos de formación, tanto en las nuevas generaciones como en las generaciones adultas, con el fin de reivindicar la experiencia y la edad. Para lo cual, se hace oportuno un esfuerzo andragógico con el propósito de visualizar la importancia de los años, e incluso nos ha parecido sugerente hablar de la Generación Siglos 20/21, con el propósito de unir a aquellas personas que hayan logrado vivir el puente entre estos dos siglos.	POLÍTICA Y LEYES	https://doi.org/10.54790/rccs.2	2022-10-31	Revista CENTRA de Ciencias Sociales	2026-02-23";;;;;;;;;;;;;;;;;;;;;;;;;;;;;;;;;;
"El nuevo mapa regulatorio del trabajo del hogar en España. Condicionantes político-jurídicos y condicionantes materiales de un sector precarizado y feminizado	VERDADERO	El texto examina las luces y las sombras de la nueva normativa española sobre el empleo en el hogar en el contexto de la llamada «crisis de los cuidados». Para ello se examinan dos tipos de condicionantes que han influido en la reforma de 2022: los jurídico-internacionales y los político-sociales, donde destaca la autoorganización de las trabajadoras del sector. El estudio fija su atención en sus demandas, en diálogo con especialistas e instituciones, a fin de identificar con precisión los problemas a los que se enfrenta la reforma.	TRABAJO	http://dx.doi.org/10.7203/cefd.48.25843	2023-06-01	Cuadernos Electrónicos de Filosofía del Derecho	2026-02-23";;;;;;;;;;;;;;;;;;;;;;;;;;;;;;;;;;
"Estudio de los factores que propician la participación política de los inmigrantes con derecho a voto. Caso de los residentes venezolanos en Chile (2017-2021)	VERDADERO	Este articulo identifica los factores que propician el rol activo de participación electoral de los residentes venezolanos con derecho a voto en Chile, explorando como hipótesis que su rol activo para participar en las elecciones chilenas obedece a factores individuales y sociales. Los hallazgos surgidos de encuestas a 100 residentes venezolanos con más de 5 años en Chile y análisis estadísticos evidencian que los ingresos económicos es un factor explicativo en los tres comicios celebrados en Chile, el sentido de pertenencia tiene correlación solo en las elecciones presidenciales de 2017, el nivel educativo tanto en las presidenciales como el plebiscito 2020, el discurso político en las elecciones de constituyentes de 2021 mientras la participación asociativa no explica dicha participación.	POLÍTICA Y LEYES	http://dx.doi.org/10.5354/0719-5338.2023.71962	2023-12-26	Política Revista de Ciencia Política	2026-02-23";;;;;;;;;;;;;;;;;;;;;;;;;;;;;;;;;;
"Competencia cultural enfermera en España	VERDADERO	Introducción: Los cambios socioculturales derivados de la globalización y los procesos migratorios en España confirman la progresión y consolidación hacia una sociedad multicultural. Los profesionales de salud deben ser capaces de orientar los cuidados a las nuevas necesidades para que estos sean íntegros, eficaces y de calidad. Objetivos: Determinar los elementos que influyen en la consecución de la competencia cultural desde la disciplina enfermera en España versus los inmigrantes. Metodología: Revisión bibliográfica a través de las bases de datos PubMed, CINAHL, Scopus, Cuiden y SciELO. Resultados: Se seleccionaron 22 artículos según los criterios previamente establecidos. Discusión: Los usuarios describen la cultura como una fuente de incomprensión y conflictos, siendo la comunicación y la competencia enfermera las dos barreras que más inciden en el cuidado. Para conseguir cuidados culturalmente competentes, es necesario desarrollar la alfabetización enfermera. ABSTRACT Introduction: In Spain, globalization and migratory processes are contributing to the development and consolidation of a multicultural society. Healthcare professionals need to be able to adapt their responsibilities to meet new needs and provide complete, effective, and high-quality care. Objectives: Analyze the factors that influence the achievement of cultural competence in nursing discipline in Spain among immigrants. Methodology: Bibliographic review through PubMed, CINAHL, Scopus, Cuiden and SciELO databases. Results: 22 articles were selected according to the previously established criteria. Discussion: As users report, culture poses misunderstandings and conflict, with communication and nursing skills as two barriers to care. To achieve culturally competent care, nursing literacy is essential.	SANIDAD	http://dx.doi.org/10.58722/nure.v20i124.2334	2023-06-01	NURE Investigación	2026-02-23";;;;;;;;;;;;;;;;;;;;;;;;;;;;;;;;;;
"Inmigración y gestión de la comunicación: ¿logística humanitaria vs logística comercial?	VERDADERO	Resumen: La acción humanitaria es a menudo un esfuerzo multifacético y multilingüe en la que una comunicación deficiente pueden tener consecuencias vitales. Los traductores e intérpretes profesionales (Tr&amp";"In), así como el personal multilingüe de organizaciones internacionales, nacionales o locales, desempeñan un papel fundamental a la hora de garantizar una comunicación eficaz. El objetivo principal de este artículo es analizar críticamente la consideración de la actuación de los agentes de la comunicación en entornos multilingües en dos elementos fundamentales en las sociedades: los organismos oficiales (administración del estado) y la sociedad civil (ONGs) con el fin de averiguar si van en la misma dirección o si existen diferencias entre ellos en la consideración del papel(es) de la lengua en situaciones de crisis y emergencia para la construcción de una sociedad más inclusiva y cosmopolita. Palabras clave: Ética. Crisis y emergencia. Sociedad civil. Traducción e Interpretación en los Servicios Públicos. TISP.ONG.	HUMANITARIO	https://doi.org/10.21071/arf.v35i.16123	2024-01-31	Alfinge Revista de Filología	2026-02-23";;;;;;;;;;;;;;;;;;;;;;;;;;;;;;;;;
"Actividades orientadas al desarrollo de la motivación para la enseñanza del español como lengua extranjera a adultos extranjeros residentes en Melilla	VERDADERO	El presente artículo trata de establecer un nexo entre la motivación y el uso de actividades con significado personal en las clases de enseñanza del español como lengua extranjera. El estudio intenta averiguar si las actividades que tienen significado personal y estimulan la interacción en el grupo resultan ser más motivadoras para estudiantes adultos marroquíes en un contexto de inmersión. Los resultados de la investigación han confirmado la hipótesis que la realización de este tipo de actividades motiva al alumnado y aumenta su confianza en sí mismo, por un lado"; por otro, ayuda a crear un ambiente seguro y ameno dentro del aula.&#x0D;"	CONVIVENCIA Y RACISMO	https://doi.org/10.11606/issn.2317-9651.v0i19p564-601	2020-06-24	Caracol	2026-02-23";;;;;;;;;;;;;;;;;;;;;;;;;;;;;;;;
"Modelo organizativo de impacto social positivo. La sindicalización feminista como forma de resistencia	VERDADERO	En este artículo proponemos indagar sobre las luchas para la dignidad laboral de mujeres latinoamericanas sindicalizadas de manera independiente en España. Como activistas de Sindihogar, el primer sindicato feminista independiente de trabajo de hogar y de cuidados en España, las investigadoras realizamos un análisis interdisciplinar de la situación actual y las resistencias presentes en el país. Según el pronóstico de envejecimiento exponencial en España, se espera un aumento de las necesidades de atención a la dependencia. Las mujeres provenientes de Latinoamérica están sobrerrepresentadas en el sector del cuidado en el ámbito del hogar. Actualmente, este colectivo está sosteniendo las vidas más vulnerables de la postcolonialidad, desde los márgenes de la sociedad europea. Para ello, desde una perspectiva tanto jurídica como antropológica, se analiza el contexto de vida y lucha de este colectivo, el marco jurídico en que operan y las estrategias de resistencia que están desarrollando. Sindihogar se ofrece como un espacio de análisis privilegiado para observar la gestación de un espacio seguro de construcción identitaria de mujeres marginalizadas a causa de diferentes ejes de opresión, específicamente en términos de género, raza y clase.	TRABAJO	https://doi.org/10.4000/nuevomundo.91474	2023-01-01	Nuevo mundo mundos nuevos	2026-02-23";;;;;;;;;;;;;;;;;;;;;;;;;;;;;;;;;;
"Democracia, civismo y partidos políticos	VERDADERO	Este artículo, es un primer acercamiento a la cuestión de la concepción de la democracia en los partidos políticos con representación institucional, lo que trata es el tema de qué es la democracia para los militantes de base y los representantes locales de los partidos políticos en el consistorio. Se lleva acabo el análisis de un grupo de discusión realizado en el verano del 2018 en el que participaron militantes de base de algunos partidos con representación institucional, junto con entrevistas individuales a representantes locales con cargo en el consistorio. Estas entrevistas se realizaron en la ciudad giennense de Linares, antaño ciudad industrial que hoy día sufre una fuerte crisis económica por la falta de trabajo, al cerrar las principales empresas de la ciudad";" además de ser una ciudad que durante toda la democracia ha gobernado el PSOE, exceptuando una legislatura en los noventa del siglo pasado. A lo largo de las intervenciones de cada participante en el grupo de discusión, así como en las entrevistas individuales, se perfilará unas diferencias en torno a qué es la democracia, la disciplina de partido, el rol de los representantes políticos... Que evidenciarán una cierta pluralidad y diferencias en cuanto a la concepción de los distintos involucrados en el grupo de discusión y las entrevistas individuales a los representantes locales en torno a qué es la democracia según ellos	POLÍTICA Y LEYES	https://doi.org/10.17561/rae.v22.5792	2022-04-08	Antropología Experimental	2026-02-23";;;;;;;;;;;;;;;;;;;;;;;;;;;;;;;;;
"Cambios en la estrategia política de Vox tras su irrupción electoral: populismo y búsqueda del voto obrero	VERDADERO	La formación política Vox irrumpió electoralmente en el Parlamento de Andalucía en diciembre de 2018 y se expandió a todo el territorio nacional en las elecciones generales de abril de 2019, consolidándose en los comicios de noviembre de ese mismo año. El propósito de este estudio es comprobar hasta qué punto el partido presidido por Santiago Abascal ha adoptado desde entonces, a partir de 2020, un progresivo cambio en su estrategia política con la finalidad de incrementar su base social y electoral. Concretamente nos centraremos en la evolución de su populismo, que pasará de ser implícito a explícito, y en la búsqueda del voto obrero y de las clases populares. Se prestará especial atención, en este sentido, a la creación del sindicato Solidaridad, vinculado plenamente con Vox. Para conseguir nuestro propósito, metodológicamente, emplearemos el análisis del discurso dentro del marco temporal seleccionado que comprende desde 2013, año de la fundación de Vox, hasta finales de 2020, y para implementar este método aplicaremos el software de análisis cualitativo Atlas.ti.	POLÍTICA Y LEYES	https://doi.org/10.14198/disjuntiva2024.5.1.2	2024-01-09	Disjuntiva Crítica de les Ciències Socials	2026-02-23";;;;;;;;;;;;;;;;;;;;;;;;;;;;;;;;;;
"Experiencias de discriminación racial en la población inmigrante marroquí en el País Vasco: Perspectivas generacionales y de género	VERDADERO	Esta investigación estudia la experiencia de la población inmigrante marroquí en relación con la discriminación racial en el País Vasco. A través de entrevistas semiestructuradas (28), se destacan tres hallazgos principales: primero, la diversidad de experiencias de racismo según la generación y el género"; segundo, el temor creciente ante estereotipos negativos sobre los marroquíes, especialmente las mujeres marroquíes;" y tercero, la discriminación se manifiesta en diversos contextos, como la vida cotidiana, laboral y en el espacio público. Los resultados reflejan la complejidad de la discriminación racial en este grupo migrante.	CONVIVENCIA Y RACISMO	https://doi.org/10.15366/reim2025.38.004	2025-06-24	Revista de Estudios Internacionales Mediterráneos	2026-02-23";;;;;;;;;;;;;;;;;;;;;;;;;;;;;;;;
"La regulación de las paradas policiales: una comparativa internacional	VERDADERO	Las paradas policiales son una línea de investigación jurídica y criminológica destacada en muchos países, sobre todo anglosajones, y cada vez más relevante en otros, como en general los países europeos y, en concreto, España. Sin embargo, existe poca literatura comparando la regulación de las mismas. Con la intención de contribuir en este aspecto, el presente artículo describe los dos principales modelos de regulación internacionales de las paradas policiales: el modelo anglosajón de Stop and Search o Stop and Frisk, presente en países como Reino Unido, y el modelo europeo continental de control de identidad, presente en países europeos como Francia y también en países latinoamericanos como Chile. Respecto a este último modelo se hará un análisis más detallado para el caso español. Pese a las diferencias entre modelos de regulación se puede observar que comparten una serie de características que en ambos casos dificultan el control legal efectivo de las paradas policiales. Por último, a modo de conclusión, se expondrán las principales similitudes y diferencias entre los dos modelos.	CRIMINALIDAD	https://doi.org/10.5944/rdpc.22.2019.27309	2020-10-09	Revista de Derecho Penal y Criminología	2026-02-23";;;;;;;;;;;;;;;;;;;;;;;;;;;;;;;;;;
"La situación de los inmigrantes y el mundo laboral	VERDADERO	Con el crecimiento de las migraciones de estas últimas décadas, la mujer inmigrante originaria de los países del Sur ha entrado en el mundo laboral. Como el hombre, las oportunidades laborales motivan muchas mujeres subsaharianas en emprender proyectos personales o/y colectivos de migración hacia otros contextos socioeconómicos. Durante mucho tiempo su presencia y su protagonismo en los movimientos migratorios han dejado indiferentes a investigadoras e investigadores en ciencias sociales las/los cuales reflejaban en sus estudios únicamente las migraciones desde la perspectiva del hombre, es decir masculina. Que sigua su marido o que vaya sola, tener un empleo es también una prioridad. Se la han mantenido en la invisibilidad laboral y social. El presente trabajo se centra en primer lugar sobre la discriminación que sufren las mujeres inmigrantes subsaharianas residentes en la Región de Murcia. En segundo lugar, trata la migración de estas mujeres en las últimas décadas fuera de sus países de origen. Y en tercer lugar se analiza cómo, a pesar de la discriminación y de los estereotipos de la sociedad de residencia, desarrollan estrategias personales y/o colectivas para conseguir un empleo en un mercado dual y etnificado, y por lo tanto discriminatorio.	TRABAJO	https://doi.org/10.46661/lexsocial.4551	2020-01-16	Lex Social Revista de Derechos Sociales	2026-02-23";;;;;;;;;;;;;;;;;;;;;;;;;;;;;;;;;;
"Validación de la Escala de Percepción de Amenaza Exogrupal (EPAE) para inmigrantes venezolanos en Colombia	VERDADERO	Este artículo analiza las propiedades psicométricas, en particular la validez estructural y convergente de la Escala de Percepción de Amenaza Exogrupal (EPAE) en la versión de Carmona-Halty y Navas (2016), con 1.078 colombianos en Barranquilla, norte de Colombia, con respecto al nivel de amenaza realista, simbólica y de seguridad percibida sobre los inmigrantes procedentes de Venezuela. Los participantes fueron seleccionados mediante la técnica de ola de nieve, y sus edades oscilaban entre 18 y 78 años (M=34.6";" DT=13.4), de los cuales 49% (n=523) eran hombres. Los resultados indican una alta consistencia interna de la Escala (α=0.91 y ω=0.91), y el análisis factorial confirmatorio ratificó la estructura de tres factores con adecuados índices de ajuste (CFI = 0.942, RMSEA = 0.06 y SRMSR = 0.08. NFI = 0.935, PNFI = 0.723). Los indicadores de validez (por contacto, actitudes y prejuicio hacia los inmigrantes) son coherentes con los valores de la percepción de amenaza. Se encontraron diferencias con el sexo y el nivel socioeconómico de los participantes. Se discuten los resultados de este trabajo de cara a facilitar el proceso de adaptación de los inmigrantes venezolanos en el contexto receptor.	CONVIVENCIA Y RACISMO	https://doi.org/10.30849/ripijp.v58i3.2032	2024-12-20	Revista Interamericana de Psicología/Interamerican Journal of Psychology	2026-02-23";;;;;;;;;;;;;;;;;;;;;;;;;;;;;;;;;
"Emociones, plurilingüismo e interculturalidad: trabajar y fomentar su importancia con alumnos de ELE Barbadenses	VERDADERO	La didáctica de segundas lenguas ha prestado especial atención a cuestiones como el filtro afectivo y la motivación, pues ejercen una poderosa influencia en el aprendizaje, así como en el interés que exhibirá el alumno hacia la L2/C2. Es por eso por lo que describimos cuán importantes resultaron ambos aspectos para nuestros estudiantes en Barbados y qué estrategias y actividades empleamos para estimular el componente emocional como vía para la adquisición de la competencia comunicativa intercultural (CCI). Asimismo, sugerimos una serie de propuestas didácticas que contribuyeron a consolidar elementos como el autoconcepto y la disposición a comunicar";" subrayar la identidad racial y visibilizar que se puede construir un plurilingüismo holístico, orgánico y, en definitiva, real.	CONVIVENCIA Y RACISMO	http://dx.doi.org/10.17398/1988-8430.38.131	2023-01-01	Tejuelo Didáctica de la Lengua y la Literatura Educación	2026-02-23";;;;;;;;;;;;;;;;;;;;;;;;;;;;;;;;;
"Rompiendo muros: narrativas fílmicas sobre las migraciones «irregulares» centroamericanas	VERDADERO	Introducción Se ha planteado que el cine documental es un medio que ofrece otras narrativas sobre las distintas problemáticas sociales, más allá de las ofrecidas por los medios de comunicación hegemónicos. Objetivo Por ello, en este artículo se pretende analizar las formas narrativas de las migraciones irregulares centroamericanas en el cine documental. Para ello, recuperamos dos documentales: ¿Cuál es el camino a casa? (2009), de Rebecca Cammisa, y Casa en tierra ajena (2017), de Ivannia Villalobos y Carlos Sandoval, para identificar y reflexionar qué se dice de la migración, cómo se enuncia y presenta a los migrantes, cómo se relata la experiencia vivida durante el camino y las causas de la migración. Método Dada la naturaleza de la pesquisa, recuperamos los planteamientos de los estudios visuales y fílmicos, que nos permiten analizar las historias, las escenas, los personajes y diálogos que constituyen el relato fílmico. Resultados Entre los resultados destaca que el cine documental habilita un espacio emergente para socializar y visibilizar las experiencias de los migrantes en su recorrido hacia los Estados Unidos y su paso por México. Conclusiones Se concluye que el cine documental se aleja de los discursos y las visualidades mediáticas de los medios de comunicación hegemónicos, para ofrecer otras miradas de la movilidad y potenciar la visibilidad de lo negado, que permiten comprender las causas que motivan la migración centroamericana, que van más allá de la simple aseveración que se da en búsqueda «del sueño americano».	VIGILANCIA DE FRONTERAS	https://doi.org/10.15517/rr.v99i2.37946	2020-05-28	Revista Reflexiones	2026-02-23";;;;;;;;;;;;;;;;;;;;;;;;;;;;;;;;;;
"Las estrategias del conflicto en parejas mixtas: una aproximación a las percepciones mutuas entre personas españolas y marroquíes	VERDADERO	Bajo el desasosiego de la existencia de sociedades multiculturales en las que las personas de diversa etnia coexisten pero no conviven, surge esta investigación de carácter cuantitativa, con el objetivo de analizar la percepción entre personas españolas y marroquíes con respecto a las estrategias de afrontamiento del conflicto en parejas mixtas y la influencia de los prejuicios interculturales y de género sobre estas. La muestra fue de 68 participantes, 39 de procedencia familiar española y 29 marroquí. Los instrumentos utilizados fueron: “Cuestionario Sociodemográfico”, “Inventario de Estilos de Resolución de Conflictos”, “Test de Actitud Prejuiciosa” y “Escala de Actitudes de Roles de Género”. Los datos obtenidos se analizaron con los programas SPSS Statistics26. Los resultados muestran relación entre la percepción de las estrategias del conflicto en parejas mixtas y el género. No obstante, no se pudo evidenciar una clara relación entre la percepción de las estrategias del conflicto en parejas mixtas y los prejuicios interculturales y de género, pero sí se observó la presencia de estereotipos étnicos y de género en algunas dimensiones. Desde la educación y la mediación intercultural, comprender las percepciones mutuas entre personas españolas y marroquíes en parejas mixtas permite identificar aquellas barreras que limitan la relación entre dichos grupos en una sociedad que afronta la diversidad. Por lo tanto, ahondar en las atribuciones ante un mismo contexto familiar posibilita una visión más íntima y profunda del conflicto intercultural.	CONVIVENCIA Y RACISMO	https://doi.org/10.5209/ritie.92804	2024-04-09	Revista Internacional de Teoría e Investigación Educativa	2026-02-23";;;;;;;;;;;;;;;;;;;;;;;;;;;;;;;;;;
"La percepción social de la inmigración en el Área Metropolitana de València tras más de una década de políticas de integración / / / \ \ \ The social perception of immigration in the Metropolitan Area of Valencia after more than a decade of integration policies	VERDADERO	Resumen: Este artículo pretende perfilar, a través de una metodología empírica basada en encuestas, el rendimiento en términos de percepción social de la inmigración, de las políticas de integración en el Área Metropolitana de València. A tal fin, en primer lugar, se han descrito las líneas estratégicas de la planificación de las políticas de integración"; a continuación se ha detallado la evolución de la población extranjera durante las dos últimas décadas en este ámbito territorial; y, por último, se analizan los datos obtenidos de las encuestas realizadas con tal objetivo. Los resultados de la investigación muestran que el área metropolitana tiene un patrón de respuesta similar, en términos de tolerancia y aceptación de la inmigración, al de otros ámbitos territoriales en nuestro país y evidencia también las tensiones y problemas existentes. Del trabajo se deduce la necesidad de seguir implementando acciones de sensibilización hacia la población. Palabras clave: Inmigración, población extranjera, Administración Pública. Abstract: This article aims to outline, through an empirical methodology based on surveys, the performance of integration policies in the Metropolitan Area of València. To this end, the strategic lines of integration policy planning have been described in the first place; next, the evolution of the foreign population during the last two decades has been detailed;" and, finally, the data obtained from the surveys carried out is analyzed. The results of the investigation show that the metropolitan area has a similar pattern of response, in terms of tolerance and acceptance towards immigration, to that of other territorial areas in our country and also makes evident the existing tensions and problems. It is clear from this article the need to continue implementing awareness actions towards the population. Key words: Immigration, foreign population, Public Administration.	CONVIVENCIA Y RACISMO	https://doi.org/10.7203/terra.7.18765	2020-12-30	TERRA Revista de Desarrollo Local	2026-02-23";;;;;;;;;;;;;;;;;;;;;;;;;;;;;;
"Por alusiones. Referencias personales a inmigrantes en grupos de discusión con españoles sobre la recuperación económica	VERDADERO	En España la profunda crisis económica que se inicia en 2008 no supuso un aumento importante del rechazo a los inmigrantes entre la población autóctona, como se habría podido esperar en base a la teoría del conflicto intergrupal. Una vez superada la crisis económica se plantea la pregunta de en qué medida esta aceptación mayoritaria de la inmigración en España se mantiene, así como si es sólida o sostenible en el tiempo. En este artículo ofrecemos algunas respuestas a estas importantes cuestiones a partir del análisis de los discursos producidos en 9 Grupos de Discusión con españoles autóctonos realizados en 2019. En concreto, se trata de un análisis microscópico o de detalle centrado en las alusiones personales a inmigrantes, es decir, referencias a personas concretas identificadas como inmigrantes, que se producen en las conversaciones grupales. Mediante este análisis se pretendió detectar posibles actitudes de rechazo ocultadas o disimuladas en las expresiones discursivas más explícitas. Los resultados apuntan a que el rechazo a los inmigrantes es muy escaso y discursivamente débil incluso en estas alusiones personales. Pero más que una aceptación incondicional de la inmigración las alusiones se muestran ambivalentes, con una relativamente frecuente expresión de críticas y reproches que sin embargo no derivan en hostilidad o animadversión. Esta ambivalencia confiere a estas actitudes un cierto carácter precario o inestable. In Spain, the deep economic crisis that started in 2008 did not lead to a significant increase in the rejection of immigrants among the local population, as might have been expected from group threat theory. Once the economic crisis has been overcome, the question arises of to what extent this majority acceptance of immigration in Spain is maintained, as well as whether it is solid or sustainable over time. In this article we offer some answers to these important questions based on the analysis of the discourses produced in 9 Discussion Groups with Spaniards held in 2019. Specifically, it consists of a microscopic or detailed analysis focused on personal allusions to immigrants, i.e. references to specific persons identified as immigrants, which emerged during in the group conversations. Through this analysis, we aim to detect possible attitudes of rejection which may be hidden or dissembled in the most explicit discursive expressions. The results suggest that rejection of immigrants is very scarce and discursively weak, even in these personal allusions. But more than an unconditional acceptance of immigration, the allusions are ambivalent, with a relatively frequent expression of criticism and reproach, which however did not arrive to overt hostility or animosity. This ambivalence makes these attitudes more a certain precarious or unstable.	CONVIVENCIA Y RACISMO	https://doi.org/10.5944/empiria.56.2022.34435	2022-09-02	Empiria Revista de metodología de ciencias sociales	2026-02-23";;;;;;;;;;;;;;;;;;;;;;;;;;;;;;;;;;
"La masculinidad “herida” y el voto a VOX entre jóvenes en situación de exclusión social en Zaragoza	VERDADERO	Este estudio aborda el caso de jóvenes varones en situación de exclusión social en los barrios de La Paz y Torrero (Zaragoza), con el objetivo de comprender cómo determinadas representaciones de la masculinidad —marcadas por la precariedad vital, el desencanto institucional y la erosión del estatus— configuran subjetividades políticas proclives al voto a VOX. Desde un enfoque cualitativo, se aplicaron entrevistas en profundidad y grupos focales, complementados con el análisis de datos socioeconómicos del entorno. Esta metodología permitió captar tanto los discursos como las experiencias afectivas de los participantes. Se asumió como hipótesis que la adhesión al discurso de VOX no obedece tanto a una afinidad ideológica coherente, sino a una búsqueda de reafirmación identitaria en contextos de homosociabilidad y resentimiento simbólico. Entre los hallazgos destaca la identificación del feminismo como “enemigo cultural”, y la concepción del voto como performance masculina de resistencia simbólica. Se concluye que VOX actúa más como contenedor emocional que como opción racional de programa, al canalizar afectos vinculados al desarraigo y al deseo de reconocimiento. Finalmente, se proponen líneas de intervención pedagógica centradas en una educación crítica de género que posibilite nuevas formas de vinculación democrática entre jóvenes varones vulnerables.	CONVIVENCIA Y RACISMO	https://doi.org/10.33732/shj.v5i2.161	2025-07-31	Studia Humanitatis Journal	2026-02-23";;;;;;;;;;;;;;;;;;;;;;;;;;;;;;;;;;
"El uso de la traducción automática en las cuentas de Twitter® de los principales periódicos de Latinoamérica: una aproximación	VERDADERO	Hoy en día, las redes sociales desempeñan un papel muy relevante en el ámbito periodístico. Por ello, debido a los contextos multilingües en los que se enmarca la información que publican, pretendemos, con este estudio, profundizar en la relación entre periodismo en Twitter® y la influencia de la traducción en el mensaje que se transmite, gracias al análisis de un corpus de tuits extraídos de los periódicos latinoamericanos con mayor número de seguidores en esta red social. Para ello, en primer lugar, se hace una revisión teórica de los antecedentes, en la que tratamos la relación del periodismo y la traducción, y la evolución hacia el uso cada vez más frecuente de las redes sociales como fuente de información multilingüe. Luego, explicamos la metodología de nuestro estudio y analizamos el corpus de tuits publicados y traducidos automáticamente en las cuentas de los periódicos seleccionados y los errores lingüísticos y pragmáticos que allí aparecen. En las conclusiones, reflexionamos acerca del papel que desempeña la traducción en la información que reciben los usuarios de la red social en la que se enmarca nuestro estudio.	POLÍTICA Y LEYES	https://doi.org/10.17533/udea.mut.v14n1a07	2021-02-02	Mutatis Mutandis Revista Latinoamericana de Traducción	2026-02-23";;;;;;;;;;;;;;;;;;;;;;;;;;;;;;;;;;
"Inmigración internacional y sostenibilidad en pueblos pequeños. Retos y oportunidades económicas, ambientales y sociales en el Alt Empordà (Cataluña, España)	VERDADERO	Introducción: Desde la geografía humana, este artículo pone el foco sobre las percepciones de la sostenibilidad rural que tienen inmigrantes internacionales vinculados a municipios con menos de 500 habitantes. Si las experiencias y opiniones de la población inmigrante fuesen desatendidas, una parte importante de la realidad pasaría desapercibida pues hoy día la inmigración internacional es cualitativamente relevante en muchas áreas rurales de España. Concretamente, este artículo tiene como objetivo responder, entre otras, las siguientes preguntas: ¿Qué dimensiones de la sostenibilidad son destacadas por las personas inmigrantes? ¿cuáles son los principales retos para la sostenibilidad de los micropueblos? ¿cuáles son las propuestas y oportunidades para conseguir pueblos sostenibles? Método: Este artículo aporta resultados basados en un trabajo de campo realizado en el Alt Empordà, incluyendo entrevistas semi-estructuradas a inmigrantes internacionales, así como en trabajo estadístico, documental y cartográfico. Resultados: Entre la inmigración internacional que reside en los micropueblos del Alt Empordà y que procede mayoritariamente de otros países de Europa y de las Américas (incluyendo emprendedores y empresarios, así como trabajadores experimentados), se pueden escuchar voces cualificadas que plantean diversos retos para la sostenibilidad local, así como oportunidades para el presente y futuro desarrollo rural sostenible.Conclusión: La población inmigrante entrevistada no son un colectivo pasivo sin interés en las actividades económicas, el bienestar social o el entorno ambiental de estos municipios, sino que son personas que cuentan con una opinión argumentada sobre el lugar en el que viven. Sugieren, sin duda, ideas de cambio (y de mejora), sobre el medio rural. Mientras estas personas inmigrantes se pueden encarrilar hacia proyectos económicos creativos que permiten interrelación de diferente orden con agentes locales nativos, las dimensiones sociales y especialmente ambientales son de más difícil trato, dado que la población inmigrante, en general, cuenta con relativamente menos mecanismos formales e informales de participación política.	ECONOMÍA	https://doi.org/10.25115/riem.v11i2.4755	2022-01-12	RIEM Revista internacional de estudios migratorios	2026-02-23";;;;;;;;;;;;;;;;;;;;;;;;;;;;;;;;;;
"Islas Chafarinas, frontera insular y nuevos retos de promoción turística	VERDADERO	Las islas Chafarinas es uno de los enclaves españoles situado en el norte de África, constituye la única frontera de la Unión Europea en la zona. Es un espacio que goza de un medio natural de gran valor ecológico. La investigación realiza un recorrido histórico y analiza los elementos que conforman su problemática hasta la segunda década del siglo XXI. Se abarcan aspectos geográficos, ambientales e históricos que explican su trayectoria y el actual statu quo. Su ubicación en la zona de la Mauritania-Tingitania, unida a su condición de frontera insular, deja al descubierto un espacio no exento de dificultades en las relaciones políticas y económicas, que deben analizarse para encontrar vías que mejoren la relación y la cooperación entre España (la UE) y Marruecos y minoren los conflictos fronterizos existentes. Sus opciones de futuro pasan por la cooperación con países vecinos y la explotación de sus recursos turísticos en el marco de la sostenibilidad.	VIGILANCIA DE FRONTERAS	http://dx.doi.org/10.21670/ref.2310121	2023-06-29	ESTUDIOS FRONTERIZOS	2026-02-23";;;;;;;;;;;;;;;;;;;;;;;;;;;;;;;;;;
"Apuntes sociológicos de las inmigrantes suramericanas (Ecuador, Bolivia y Colombia) en Mallorca.	VERDADERO	Se trata de visibilizar y mostrar las desigualdades de género en el marco de la diversidad cultural, en un contexto de multiculturalidad transcultural jerarquizada en Mallorca como sociedad receptora. Para constatar estos planteamientos se realizaron entrevistas en profundidad a mujeres afro-ecuatorianas y originarias, emigradas de Suramérica hacia Mallorca, registrando sus respuestas en un cuestionario-guía preestablecido. Éste fue contestado por 39 mujeres de origen étnico afro-ecuatoriano y originarias de Ecuador, Colombia y Bolivia. Estas mujeres constituyen una muestra y un ejemplo significativo de la feminización de la migración y la supervivencia colectiva. The aim is to make visible and show gender inequalities within the framework of cultural diversity, in a context of hierarchical cross-cultural multiculturalism in Mallorca as a host society. In order to verify these approaches, in-depth interviews were conducted with Afro-Ecuadorian women and indigenous natives, emigrated from South America to Mallorca, recording their responses in a pre-established questionnaire-guide. This was answered by 39 women of Afro-Ecuadorian and indigenous ethnicity from Ecuador, Colombia and Bolivia. They represent a significant aspect of the feminization of migration and collective survival.	CONVIVENCIA Y RACISMO	https://doi.org/10.6018/areas.417591	2020-12-30	Áreas Revista Internacional de Ciencias Sociales	2026-02-23";;;;;;;;;;;;;;;;;;;;;;;;;;;;;;;;;;
"Vidas vivibles. Reivindicación del trabajo sexual en sus escenarios sociales de Iquique	VERDADERO	Resumen El objetivo de este artículo es identificar las prácticas de reivindicación del trabajo sexual de mujeres en sus escenarios sociales de Iquique. Con este propósito, y en el marco de una investigación de tipo etnográfico desde una perspectiva etnometodológica feminista, realizamos a lo largo de seis meses entrevistas a 14 mujeres de distintos orígenes nacionales, además de observaciones acerca de la cotidianeidad en cabarés, burdeles y calles donde se ejercía trabajo sexual. Identificamos, a partir de los análisis realizados, tres tipos de prácticas de reivindicación: i). Las convenciones normativas, que surgen a partir de la racionalización y adaptación a las distintas normas establecidas alrededor del trabajo sexual y que establecen un ordenamiento propio de su escenario social"; ii). Los métodos, definidos como procedimientos comunes y rutinarios que estas actoras sociales utilizan en su cotidianeidad y que conforman las prácticas profesionales del sexo; iii). Las acciones y estrategias para establecer la mejor manera de realizar su actividad o contrarrestar situaciones que dificultan su quehacer. Dichas prácticas de reivindicación están lejos de actuar de manera uniforme y estática;" más bien operarán conforme las características de estas actoras sociales y sus escenarios de trabajo.	TRABAJO	https://doi.org/10.22199/issn.0718-1043-2020-0032	2020-08-27	Estudios Atacameños Arqueología y antropología surandinas	2026-02-23";;;;;;;;;;;;;;;;;;;;;;;;;;;;;;;
"La formación de la ""España inmigrante""	VERDADERO	El artículo comienza recordando la cuádruple mutación del sistema migratorio europeo yseñalando la entrada en una nueva etapa ligada a los nuevos movimientos migratorios, las nuevasregulaciones comunitarias y los desafíos del multiculturalismo en Europa. A partir del conceptode «ciclo migratorio» de F. Dassetto, plantea una periodización de la inmigración en España entres etapas: antes de 1985, desde esa fecha hasta el 2000 y a partir del 2000, y señala la existenciade «raros acontecimientos importantes» que producen un «marcado cambio en la corriente de loshechos» migratorios en España entre esas etapas.La segunda parte del artículo intenta explicar que lo que marca el paso de la primera a lasegunda etapa con la llegada de una «nueva inmigración» es la presencia dominante de factoresligados al mercado dentro de España que la hacen asimilable al «primer momento» delciclo migratorio por el predominio de la relación salarial y la marginalidad social. La explicaciónde la aparición de este efecto «mercado» es el cambio radical que se viene produciendoen España en las condiciones del «nivel de aceptabilidad» de los trabajadores autóctonos y lascausas de dichos cambios. Este efecto «mercado» es el que explica la concentración de losinmigrantes en algunas ramas de actividad clasificables dentro de los mercados de trabajosecundarios.El artículo (tan sólo) apunta que los acontecimientos que se producen en torno al año 2000y que crean la «España inmigrante» tienen que ver con las problemáticas del segundo y tercer «momento» del ciclo migratorio (del segundo: reagrupación familiar, enculturación, desafíosescolares, sanitarios y de vivienda";" y del tercero: co-inclusión, desafíos de la ciudadanía, de lamulticulturalidad y de los derechos políticos de los inmigrantes).	POLÍTICA Y LEYES	http://dx.doi.org/10.5477/cis/reis.97.95	2024-02-20	Revista Española de Investigaciones Sociológicas	2026-02-23";;;;;;;;;;;;;;;;;;;;;;;;;;;;;;;;;
"Metáforas y discriminación: la conceptualización de la comunidad LGTBIQ+ en el discurso político actual español	VERDADERO	El presente estudio analiza cualitativa y cuantitativamente las metáforas conceptuales sobre la comunidad LGTBIQ+ en el discurso político actual español, para dar respuesta a las siguientes preguntas: (a) ¿Qué metáforas se utilizan en el discurso político actual español sobre la comunidad LGTBIQ+? (b) ¿Están significativamente asociadas a una ideología determinada, en línea con los dos modelos de familia de Lakoff (2017)? (c) ¿Pueden contribuir a la discriminación de la comunidad LGTBIQ+ en España? Para ello, se ha utilizado un corpus con 100 actos de habla procedentes de discurso político reciente de diversas fuentes. Se ha aplicado la teoría de la metáfora conceptual de Lakoff y Johnson (1980) y los modelos de familia de Lakoff (2017), y se ha realizado un análisis estadístico para comprobar si las metáforas halladas están significativamente asociadas con una ideología política concreta. Las metáforas conceptuales encontradas se engloban bajo cuatro archimetáforas: SER LGTBIQ+ ES UNA ENFERMEDAD CONTAGIOSA, LA NEGOCIACIÓN DE LOS DERECHOS LGTBIQ+ ES UNA GUERRA, LA COMUNIDAD LGTBIQ+ ES UN NIÑO TIRANO Y DESTRUCTOR y LA NEGOCIACIÓN DE LOS DERECHOS LGTBIQ+ ES UN CAMINO DIFICULTOSO HACIA DELANTE. Los resultados del análisis estadístico muestran cómo las metáforas de ENFERMEDAD y TIRANO están significativamente asociadas con la ideología conservadora, mientras que las de GUERRA y CAMINO lo están con la ideología progresista, en línea con el modelo de familia de padre estricto y progenitor protector de Lakoff (2017), respectivamente. Por último, se concluye que las dos archimetáforas conservadoras sí parecen contribuir a la discriminación de la comunidad LGTBIQ+ en España, al activarse la necesidad de excluirla y ocultarla de la sociedad para evitar la enfermedad y destrucción, además de desacreditarla debido a una aparente falta de sentido común y juicio.	CONVIVENCIA Y RACISMO	https://doi.org/10.5565/rev/fraseolex.82	2024-12-19	FRASEOLEX Revista Internacional de Fraseología y Lexicología	2026-02-23";;;;;;;;;;;;;;;;;;;;;;;;;;;;;;;;;;
